Permalink,Number,カテゴリー,Title,メタKW,メタKW空白除,CV,クリック数,表示回数,CTR,掲載順位,小数点消,CV,クリック数,表示回数,CTR,掲載順位,小数点消,CV,クリック数,表示回数,CTR,掲載順位,小数点消,CV,クリック数,表示回数,CTR,掲載順位,小数点消
https://frauddetection.cacco.co.jp/media/knowhow/791/,791,不正アクセス|不正検知・ノウハウ,なりすましによる不正アクセスの被害内容と具体的な対策（不正検知）について,なりすまし 不正アクセス,なりすまし不正アクセス,1,#N/A,#N/A,#N/A,#N/A,#N/A,0,#N/A,#N/A,#N/A,#N/A,#N/A,0,#N/A,#N/A,#N/A,#N/A,#N/A,0,#N/A,#N/A,#N/A,#N/A,#N/A
https://frauddetection.cacco.co.jp/media/chargeback/1737/,1737,チャージバック,【保険一覧あり】チャージバック保険とは？選び方と利用の流れ,チャージバック保険とは,チャージバック保険とは,1,#N/A,#N/A,#N/A,#N/A,#N/A,0,#N/A,#N/A,#N/A,#N/A,#N/A,0,#N/A,#N/A,#N/A,#N/A,#N/A,0,#N/A,#N/A,#N/A,#N/A,#N/A
https://frauddetection.cacco.co.jp/media/chargeback/3315/,3315,チャージバック,事業者が不正なチャージバックを防ぐ対策3つ！不正注文を防いだ事例も紹介,チャージバック　対策　事例,チャージバック対策事例,1,#N/A,#N/A,#N/A,#N/A,#N/A,0,#N/A,#N/A,#N/A,#N/A,#N/A,0,#N/A,#N/A,#N/A,#N/A,#N/A,0,#N/A,#N/A,#N/A,#N/A,#N/A
https://frauddetection.cacco.co.jp/media/knowhow/262/,262,不正検知・ノウハウ,2016年改正、2018年施行の割賦販売法。2020年3月が対応期限で東京オリンピックなど改正の背景とは,割賦販売法 オリンピック,割賦販売法オリンピック,0,#N/A,#N/A,#N/A,#N/A,#N/A,0,#N/A,#N/A,#N/A,#N/A,#N/A,0,#N/A,#N/A,#N/A,#N/A,#N/A,0,#N/A,#N/A,#N/A,#N/A,#N/A
https://frauddetection.cacco.co.jp/media/knowhow/407/,407,不正検知・ノウハウ|セキュリティ用語,代金未回収のリスクを回避できるキャリア決済。導入する場合のメリット・デメリット,キャリア決済 代金未回収,キャリア決済代金未回収,0,#N/A,#N/A,#N/A,#N/A,#N/A,0,#N/A,#N/A,#N/A,#N/A,#N/A,0,#N/A,#N/A,#N/A,#N/A,#N/A,0,#N/A,#N/A,#N/A,#N/A,#N/A
https://frauddetection.cacco.co.jp/media/knowhow/543/,543,不正検知・ノウハウ|セキュリティ用語,不正転売とは？不正転売に関連するトラブルや、チケット不正転売禁止法について解説,不正転売 チケット,不正転売チケット,0,#N/A,#N/A,#N/A,#N/A,#N/A,0,#N/A,#N/A,#N/A,#N/A,#N/A,0,#N/A,#N/A,#N/A,#N/A,#N/A,0,#N/A,#N/A,#N/A,#N/A,#N/A
https://frauddetection.cacco.co.jp/media/knowhow/580/,580,不正検知・ノウハウ,QRコード決済からのカード情報の不正流出と不正利用防止対策に関するガイドラインの内容を徹底解説,QRコード決済 不正利用防止,QRコード決済不正利用防止,0,#N/A,#N/A,#N/A,#N/A,#N/A,0,#N/A,#N/A,#N/A,#N/A,#N/A,0,#N/A,#N/A,#N/A,#N/A,#N/A,0,#N/A,#N/A,#N/A,#N/A,#N/A
https://frauddetection.cacco.co.jp/media/knowhow/621/,621,不正検知・ノウハウ,クレジットカード決済の不正検知対策を行うための体制構築・オペレーションを解説,不正検知 体制,不正検知体制,0,#N/A,#N/A,#N/A,#N/A,#N/A,0,#N/A,#N/A,#N/A,#N/A,#N/A,0,#N/A,#N/A,#N/A,#N/A,#N/A,0,#N/A,#N/A,#N/A,#N/A,#N/A
https://frauddetection.cacco.co.jp/media/knowhow/631/,631,不正検知・ノウハウ,ECサイトの不正注文・セキュリティ対策のコストはいくらかかる？,ECサイト 不正注文対策 コスト,ECサイト不正注文対策コスト,0,#N/A,#N/A,#N/A,#N/A,#N/A,0,#N/A,#N/A,#N/A,#N/A,#N/A,0,#N/A,#N/A,#N/A,#N/A,#N/A,0,#N/A,#N/A,#N/A,#N/A,#N/A
https://frauddetection.cacco.co.jp/media/knowhow/683/,683,不正検知・ノウハウ|ニュース・業界動向,【QR決済の動向】QRコード決済は今後も増加が見込める形に,QRコード決済,QRコード決済,0,#N/A,#N/A,#N/A,#N/A,#N/A,0,0,53,0.00%,120,120,0,0,12,0.00%,13.7,13,0,0,54,0.00%,120.3,120
https://frauddetection.cacco.co.jp/media/knowhow/691/,691,不正検知・ノウハウ,企業が行うチケットの転売対策と購入者がやむなく転売する際の注意点について,企業 チケット 転売対策,企業チケット転売対策,0,#N/A,#N/A,#N/A,#N/A,#N/A,0,#N/A,#N/A,#N/A,#N/A,#N/A,0,#N/A,#N/A,#N/A,#N/A,#N/A,0,#N/A,#N/A,#N/A,#N/A,#N/A
https://frauddetection.cacco.co.jp/media/knowhow/696/,696,不正検知・ノウハウ,ECにおけるクレジットカードの不正利用を未然に防止する「3dセキュア（本人認証サービス）」とは,EC 3dセキュア,EC3dセキュア,0,#N/A,#N/A,#N/A,#N/A,#N/A,0,#N/A,#N/A,#N/A,#N/A,#N/A,0,#N/A,#N/A,#N/A,#N/A,#N/A,0,#N/A,#N/A,#N/A,#N/A,#N/A
https://frauddetection.cacco.co.jp/media/news/796/,796,ニュース・業界動向,アイドルグループ「嵐」の電子チケットを最大15倍の値段で転売容疑、チケット不正転売禁止法で初の立件へ,嵐 チケット転売,嵐チケット転売,0,#N/A,#N/A,#N/A,#N/A,#N/A,0,#N/A,#N/A,#N/A,#N/A,#N/A,0,#N/A,#N/A,#N/A,#N/A,#N/A,0,#N/A,#N/A,#N/A,#N/A,#N/A
https://frauddetection.cacco.co.jp/media/news/802/,802,ニュース・業界動向,自作プログラムでIDを大量に不正取得。ヤフーポイント約9300万円相当の被害、詐取容疑で札幌の親子を逮捕,ヤフーポイント 逮捕,ヤフーポイント逮捕,0,#N/A,#N/A,#N/A,#N/A,#N/A,0,#N/A,#N/A,#N/A,#N/A,#N/A,0,#N/A,#N/A,#N/A,#N/A,#N/A,0,#N/A,#N/A,#N/A,#N/A,#N/A
https://frauddetection.cacco.co.jp/media/news/823/,823,ニュース・業界動向,サービスの優位性や新規性、革新性を評価。第15回 JNB 新規事業国内フォーラムin香川2019にてEC不正検知サービスが経済産業大臣賞を受賞,不明,不明,0,#N/A,#N/A,#N/A,#N/A,#N/A,0,#N/A,#N/A,#N/A,#N/A,#N/A,0,#N/A,#N/A,#N/A,#N/A,#N/A,0,#N/A,#N/A,#N/A,#N/A,#N/A
https://frauddetection.cacco.co.jp/media/news/831/,831,ニュース・業界動向,インバウンドの増加に伴い需要が高まるキャッシュレス化,キャッシュレス決済 インバウンド,キャッシュレス決済インバウンド,0,#N/A,#N/A,#N/A,#N/A,#N/A,0,#N/A,#N/A,#N/A,#N/A,#N/A,0,#N/A,#N/A,#N/A,#N/A,#N/A,0,#N/A,#N/A,#N/A,#N/A,#N/A
https://frauddetection.cacco.co.jp/media/data/836/,836,データ＆レポート,日本クレジット協会が発表した令和元年7月クレジットカードの利用状況について,不明,不明,0,#N/A,#N/A,#N/A,#N/A,#N/A,0,#N/A,#N/A,#N/A,#N/A,#N/A,0,#N/A,#N/A,#N/A,#N/A,#N/A,0,#N/A,#N/A,#N/A,#N/A,#N/A
https://frauddetection.cacco.co.jp/media/knowhow/843/,843,不正検知・ノウハウ,8％から10％への消費税増税。軽減税率・経過措置・ポイント還元などについて解説,消費税増税,消費税増税,0,#N/A,#N/A,#N/A,#N/A,#N/A,0,#N/A,#N/A,#N/A,#N/A,#N/A,0,#N/A,#N/A,#N/A,#N/A,#N/A,0,#N/A,#N/A,#N/A,#N/A,#N/A
https://frauddetection.cacco.co.jp/media/knowhow/846/,846,不正検知・ノウハウ|セキュリティ用語,PSPとは？決済サービスプロバイダーの導入メリットと契約手順,"PSP 契約,PSP メリット","PSP契約,PSPメリット",0,#N/A,#N/A,#N/A,#N/A,#N/A,0,#N/A,#N/A,#N/A,#N/A,#N/A,0,#N/A,#N/A,#N/A,#N/A,#N/A,0,#N/A,#N/A,#N/A,#N/A,#N/A
https://frauddetection.cacco.co.jp/media/data/849/,849,データ＆レポート,日本クレジット協会とは,日本クレジット協会とは,日本クレジット協会とは,0,#N/A,#N/A,#N/A,#N/A,#N/A,0,#N/A,#N/A,#N/A,#N/A,#N/A,0,#N/A,#N/A,#N/A,#N/A,#N/A,0,#N/A,#N/A,#N/A,#N/A,#N/A
https://frauddetection.cacco.co.jp/media/data/859/,859,データ＆レポート,【2020年】クレジットカードの不正利用の発生状況と不正被害額まとめ,不明,不明,0,#N/A,#N/A,#N/A,#N/A,#N/A,0,#N/A,#N/A,#N/A,#N/A,#N/A,0,#N/A,#N/A,#N/A,#N/A,#N/A,0,#N/A,#N/A,#N/A,#N/A,#N/A
https://frauddetection.cacco.co.jp/media/data/866/,866,データ＆レポート,日本クレジット協会が発表した令和元年8月クレジットカードの利用状況について,不明,不明,0,#N/A,#N/A,#N/A,#N/A,#N/A,0,#N/A,#N/A,#N/A,#N/A,#N/A,0,#N/A,#N/A,#N/A,#N/A,#N/A,0,#N/A,#N/A,#N/A,#N/A,#N/A
https://frauddetection.cacco.co.jp/media/news/919/,919,ニュース・業界動向,インターネットバンキングによる預金の不正送金が急増。個人ができる不正対策について,インターネットバンキング 不正送金,インターネットバンキング不正送金,0,#N/A,#N/A,#N/A,#N/A,#N/A,0,0,2,0.00%,2,2,0,#N/A,#N/A,#N/A,#N/A,#N/A,0,#N/A,#N/A,#N/A,#N/A,#N/A
https://frauddetection.cacco.co.jp/media/news/921/,921,ニュース・業界動向,約1億円の利益を出した容疑者を摘発｜カード情報を不正利用し高額電化製品を購入・換金,不明,不明,0,#N/A,#N/A,#N/A,#N/A,#N/A,0,#N/A,#N/A,#N/A,#N/A,#N/A,0,#N/A,#N/A,#N/A,#N/A,#N/A,0,#N/A,#N/A,#N/A,#N/A,#N/A
https://frauddetection.cacco.co.jp/media/news/977/,977,ニュース・業界動向,日本クレジット協会が発表した令和元年9月クレジットカードの利用状況について,クレジットカード 不正利用状況,クレジットカード不正利用状況,0,#N/A,#N/A,#N/A,#N/A,#N/A,0,#N/A,#N/A,#N/A,#N/A,#N/A,0,#N/A,#N/A,#N/A,#N/A,#N/A,0,#N/A,#N/A,#N/A,#N/A,#N/A
https://frauddetection.cacco.co.jp/media/news/987/,987,ニュース・業界動向,インバウンド需要を取り込むにはスマホ決済導入が必須！その理由や導入するメリットを紹介,インバウンド　スマホ決済,インバウンドスマホ決済,0,#N/A,#N/A,#N/A,#N/A,#N/A,0,#N/A,#N/A,#N/A,#N/A,#N/A,0,#N/A,#N/A,#N/A,#N/A,#N/A,0,#N/A,#N/A,#N/A,#N/A,#N/A
https://frauddetection.cacco.co.jp/media/securityterms/1026/,1026,セキュリティ用語,フォームジャッキングとは？手口や事例、対策方法について解説,フォームジャッキングとは,フォームジャッキングとは,0,#N/A,#N/A,#N/A,#N/A,#N/A,0,#N/A,#N/A,#N/A,#N/A,#N/A,0,#N/A,#N/A,#N/A,#N/A,#N/A,0,#N/A,#N/A,#N/A,#N/A,#N/A
https://frauddetection.cacco.co.jp/media/data/1034/,1034,データ＆レポート,日本クレジット協会が発表した令和元年10月クレジットカードの利用状況について,不明,不明,0,#N/A,#N/A,#N/A,#N/A,#N/A,0,#N/A,#N/A,#N/A,#N/A,#N/A,0,#N/A,#N/A,#N/A,#N/A,#N/A,0,#N/A,#N/A,#N/A,#N/A,#N/A
https://frauddetection.cacco.co.jp/media/knowhow/1075/,1075,不正検知・ノウハウ,フォームジャッキングの被害状況や防止策。ECサイト利用が増える今、不正検知や対策を。,フォームジャッキング 被害,フォームジャッキング被害,0,#N/A,#N/A,#N/A,#N/A,#N/A,0,#N/A,#N/A,#N/A,#N/A,#N/A,0,#N/A,#N/A,#N/A,#N/A,#N/A,0,#N/A,#N/A,#N/A,#N/A,#N/A
https://frauddetection.cacco.co.jp/media/news/1120/,1120,ニュース・業界動向,IPA（独立行政法人情報処理推進機構）が「情報セキュリティ10大脅威 2020」を発表,不明,不明,0,#N/A,#N/A,#N/A,#N/A,#N/A,0,#N/A,#N/A,#N/A,#N/A,#N/A,0,#N/A,#N/A,#N/A,#N/A,#N/A,0,#N/A,#N/A,#N/A,#N/A,#N/A
https://frauddetection.cacco.co.jp/media/data/1177/,1177,データ＆レポート,日本クレジット協会が発表した令和元年11月クレジットカードの利用状況について,不明,不明,0,#N/A,#N/A,#N/A,#N/A,#N/A,0,#N/A,#N/A,#N/A,#N/A,#N/A,0,#N/A,#N/A,#N/A,#N/A,#N/A,0,#N/A,#N/A,#N/A,#N/A,#N/A
https://frauddetection.cacco.co.jp/media/knowhow/1214/,1214,不正検知・ノウハウ,不正検知ソリューションとは何か？不正使用を防ぐために必要な対策,不正検知ソリューション,不正検知ソリューション,0,#N/A,#N/A,#N/A,#N/A,#N/A,0,#N/A,#N/A,#N/A,#N/A,#N/A,0,#N/A,#N/A,#N/A,#N/A,#N/A,0,#N/A,#N/A,#N/A,#N/A,#N/A
https://frauddetection.cacco.co.jp/media/news/1217/,1217,ニュース・業界動向,オリンピックに採用される顔認証システムのこれから,顔認証システム,顔認証システム,0,#N/A,#N/A,#N/A,#N/A,#N/A,0,#N/A,#N/A,#N/A,#N/A,#N/A,0,#N/A,#N/A,#N/A,#N/A,#N/A,0,#N/A,#N/A,#N/A,#N/A,#N/A
https://frauddetection.cacco.co.jp/media/news/1226/,1226,ニュース・業界動向,約3200回の無断キャンセルを繰り返しポイントを不正入手。1億1500万円の被害を与えた親子を逮捕,不明,不明,0,#N/A,#N/A,#N/A,#N/A,#N/A,0,#N/A,#N/A,#N/A,#N/A,#N/A,0,#N/A,#N/A,#N/A,#N/A,#N/A,0,#N/A,#N/A,#N/A,#N/A,#N/A
https://frauddetection.cacco.co.jp/media/news/1251/,1251,ニュース・業界動向,バレンタイン・ホワイトデーなどシーズンイベントにおけるECサイト不正注文のリスクについて,バレンタイン EC不正,バレンタインEC不正,0,#N/A,#N/A,#N/A,#N/A,#N/A,0,#N/A,#N/A,#N/A,#N/A,#N/A,0,#N/A,#N/A,#N/A,#N/A,#N/A,0,#N/A,#N/A,#N/A,#N/A,#N/A
https://frauddetection.cacco.co.jp/media/data/1277/,1277,データ＆レポート,日本クレジット協会が発表した令和元年12月クレジットカードの利用状況について,不明,不明,0,#N/A,#N/A,#N/A,#N/A,#N/A,0,#N/A,#N/A,#N/A,#N/A,#N/A,0,#N/A,#N/A,#N/A,#N/A,#N/A,0,#N/A,#N/A,#N/A,#N/A,#N/A
https://frauddetection.cacco.co.jp/media/news/1353/,1353,ニュース・業界動向,2020年度以降の「クレジットカード取引等におけるセキュリティ対策の取組方針」が取りまとめられました,セキュリティ対策 取り組み方針,セキュリティ対策取り組み方針,0,#N/A,#N/A,#N/A,#N/A,#N/A,0,#N/A,#N/A,#N/A,#N/A,#N/A,0,#N/A,#N/A,#N/A,#N/A,#N/A,0,#N/A,#N/A,#N/A,#N/A,#N/A
https://frauddetection.cacco.co.jp/media/news/1358/,1358,ニュース・業界動向,クレジットカード情報流出に気付きにくい!? 国内で利用したつもりが、グローバル企業から流出することも。,非公開,非公開,0,#N/A,#N/A,#N/A,#N/A,#N/A,0,#N/A,#N/A,#N/A,#N/A,#N/A,0,#N/A,#N/A,#N/A,#N/A,#N/A,0,#N/A,#N/A,#N/A,#N/A,#N/A
https://frauddetection.cacco.co.jp/media/news/1376/,1376,ニュース・業界動向,クレジットカードの不正利用防止対策とIC化の取組み状況と具体内容について,非公開,非公開,0,#N/A,#N/A,#N/A,#N/A,#N/A,0,#N/A,#N/A,#N/A,#N/A,#N/A,0,#N/A,#N/A,#N/A,#N/A,#N/A,0,#N/A,#N/A,#N/A,#N/A,#N/A
https://frauddetection.cacco.co.jp/media/news/1409/,1409,ニュース・業界動向,【注意喚起】新型コロナウイルス感染症に関する健康状態についてのアンケートを装い、クレジットカード番号等を尋ねる等の不正行為が発生,コロナ　アンケート　健康,コロナアンケート健康,0,#N/A,#N/A,#N/A,#N/A,#N/A,0,#N/A,#N/A,#N/A,#N/A,#N/A,0,#N/A,#N/A,#N/A,#N/A,#N/A,0,#N/A,#N/A,#N/A,#N/A,#N/A
https://frauddetection.cacco.co.jp/media/news/1426/,1426,ニュース・業界動向,日本クレジット協会が発表した令和2年1月クレジットカードの利用状況について,非公開,非公開,0,#N/A,#N/A,#N/A,#N/A,#N/A,0,#N/A,#N/A,#N/A,#N/A,#N/A,0,#N/A,#N/A,#N/A,#N/A,#N/A,0,#N/A,#N/A,#N/A,#N/A,#N/A
https://frauddetection.cacco.co.jp/media/data/1443/,1443,データ＆レポート,番号盗用だけで年間200億円超えも。クレジットカード不正利用被害の2019年4半期（10月?12月）集計結果,非公開,非公開,0,#N/A,#N/A,#N/A,#N/A,#N/A,0,#N/A,#N/A,#N/A,#N/A,#N/A,0,#N/A,#N/A,#N/A,#N/A,#N/A,0,#N/A,#N/A,#N/A,#N/A,#N/A
https://frauddetection.cacco.co.jp/media/data/1470/,1470,不正アクセス|データ＆レポート,O-MOTION 講演レポート（Security Days 2020）#001  ?あなたの会社も狙われる？最新の不正アクセス事情とWebサイトに求められる対策?,不明,不明,0,#N/A,#N/A,#N/A,#N/A,#N/A,0,#N/A,#N/A,#N/A,#N/A,#N/A,0,#N/A,#N/A,#N/A,#N/A,#N/A,0,#N/A,#N/A,#N/A,#N/A,#N/A
https://frauddetection.cacco.co.jp/media/data/1488/,1488,不正アクセス|データ＆レポート,O-MOTION 講演レポート（Security Days 2020）#003 ?あなたの会社も狙われる？最新の不正アクセス事情とWebサイトに求められる対策?,不明,不明,0,#N/A,#N/A,#N/A,#N/A,#N/A,0,#N/A,#N/A,#N/A,#N/A,#N/A,0,#N/A,#N/A,#N/A,#N/A,#N/A,0,#N/A,#N/A,#N/A,#N/A,#N/A
https://frauddetection.cacco.co.jp/media/data/1491/,1491,不正アクセス|データ＆レポート,O-MOTION 講演レポート（Security Days 2020）#002 ?あなたの会社も狙われる？最新の不正アクセス事情とWebサイトに求められる対策?,不明,不明,0,#N/A,#N/A,#N/A,#N/A,#N/A,0,#N/A,#N/A,#N/A,#N/A,#N/A,0,#N/A,#N/A,#N/A,#N/A,#N/A,0,#N/A,#N/A,#N/A,#N/A,#N/A
https://frauddetection.cacco.co.jp/media/knowhow/1587/,1587,不正検知・ノウハウ,AIが不正検知にも進出？メリットや注意点、ソリューション事例をご紹介,AI 不正検知 メリット,AI不正検知メリット,0,#N/A,#N/A,#N/A,#N/A,#N/A,0,#N/A,#N/A,#N/A,#N/A,#N/A,0,#N/A,#N/A,#N/A,#N/A,#N/A,0,#N/A,#N/A,#N/A,#N/A,#N/A
https://frauddetection.cacco.co.jp/media/knowhow/1605/,1605,不正検知・ノウハウ,不正検知の仕事に転職するには？仕事内容や資格、働くメリット・デメリットをご紹介,不正検知 転職,不正検知転職,0,#N/A,#N/A,#N/A,#N/A,#N/A,0,#N/A,#N/A,#N/A,#N/A,#N/A,0,#N/A,#N/A,#N/A,#N/A,#N/A,0,#N/A,#N/A,#N/A,#N/A,#N/A
https://frauddetection.cacco.co.jp/media/knowhow/1612/,1612,不正検知・ノウハウ,不正検知モデルとは？役割やモデルを活用したソリューションをご紹介,不正検知モデル,不正検知モデル,0,#N/A,#N/A,#N/A,#N/A,#N/A,0,#N/A,#N/A,#N/A,#N/A,#N/A,0,#N/A,#N/A,#N/A,#N/A,#N/A,0,#N/A,#N/A,#N/A,#N/A,#N/A
https://frauddetection.cacco.co.jp/media/knowhow/1627/,1627,不正検知・ノウハウ,金融業界における不正検知。必要性やソリューションを解説,金融 不正検知,金融不正検知,0,#N/A,#N/A,#N/A,#N/A,#N/A,0,#N/A,#N/A,#N/A,#N/A,#N/A,0,#N/A,#N/A,#N/A,#N/A,#N/A,0,#N/A,#N/A,#N/A,#N/A,#N/A
https://frauddetection.cacco.co.jp/media/knowhow/1630/,1630,不正検知・ノウハウ,不正検知サービスの市場規模は拡大傾向。推移の理由や動向を解説,不正検知サービス 市場規模,不正検知サービス市場規模,0,#N/A,#N/A,#N/A,#N/A,#N/A,0,#N/A,#N/A,#N/A,#N/A,#N/A,0,#N/A,#N/A,#N/A,#N/A,#N/A,0,#N/A,#N/A,#N/A,#N/A,#N/A
https://frauddetection.cacco.co.jp/media/knowhow/1650/,1650,不正検知・ノウハウ,セミナーで学ぶ不正検知。参加するメリットや注意点を解説,不明,不明,0,#N/A,#N/A,#N/A,#N/A,#N/A,0,#N/A,#N/A,#N/A,#N/A,#N/A,0,#N/A,#N/A,#N/A,#N/A,#N/A,0,#N/A,#N/A,#N/A,#N/A,#N/A
https://frauddetection.cacco.co.jp/media/3d/1725/,1725,3dセキュア,3dセキュアに対応しているおすすめカードブランド。3dセキュアの役割や利用上の注意も要チェック,3dセキュア カードブランド,3dセキュアカードブランド,0,#N/A,#N/A,#N/A,#N/A,#N/A,0,#N/A,#N/A,#N/A,#N/A,#N/A,0,#N/A,#N/A,#N/A,#N/A,#N/A,0,#N/A,#N/A,#N/A,#N/A,#N/A
https://frauddetection.cacco.co.jp/media/3d/1729/,1729,3dセキュア,キャッシュレス決済の安全性を高める3dセキュア,キャッシュレス決済 3dセキュア,キャッシュレス決済3dセキュア,0,#N/A,#N/A,#N/A,#N/A,#N/A,0,#N/A,#N/A,#N/A,#N/A,#N/A,0,#N/A,#N/A,#N/A,#N/A,#N/A,0,#N/A,#N/A,#N/A,#N/A,#N/A
https://frauddetection.cacco.co.jp/media/chargeback/1735/,1735,チャージバック,ECショップ運営にはチャージバック対策が必要。,EC運営 チャージバック,EC運営チャージバック,0,#N/A,#N/A,#N/A,#N/A,#N/A,0,#N/A,#N/A,#N/A,#N/A,#N/A,0,#N/A,#N/A,#N/A,#N/A,#N/A,0,#N/A,#N/A,#N/A,#N/A,#N/A
https://frauddetection.cacco.co.jp/media/chargeback/1739/,1739,チャージバック,チャージバックによる企業への損害は経営へのダメージ大。クレジットカードの不正利用対策が不可欠,チャージバック 損害,チャージバック損害,0,#N/A,#N/A,#N/A,#N/A,#N/A,0,#N/A,#N/A,#N/A,#N/A,#N/A,0,#N/A,#N/A,#N/A,#N/A,#N/A,0,#N/A,#N/A,#N/A,#N/A,#N/A
https://frauddetection.cacco.co.jp/media/securityterms/1791/,1791,セキュリティ用語,アドフラウド（adfraud）とは,アドフラウド（adfraud）とは,アドフラウド（adfraud）とは,0,#N/A,#N/A,#N/A,#N/A,#N/A,0,#N/A,#N/A,#N/A,#N/A,#N/A,0,#N/A,#N/A,#N/A,#N/A,#N/A,0,#N/A,#N/A,#N/A,#N/A,#N/A
https://frauddetection.cacco.co.jp/media/fraud-access/1884/,1884,不正アクセス,生体認証だけでは不正アクセスは防げない？決して完璧ではない理由,生体認証　不正アクセス,生体認証不正アクセス,0,#N/A,#N/A,#N/A,#N/A,#N/A,0,#N/A,#N/A,#N/A,#N/A,#N/A,0,#N/A,#N/A,#N/A,#N/A,#N/A,0,#N/A,#N/A,#N/A,#N/A,#N/A
https://frauddetection.cacco.co.jp/media/knowhow/1890/,1890,不正検知・ノウハウ,アドフラウド（adfraud）の具体的な手口と適切な対策方法,adfraud 対策,adfraud対策,0,#N/A,#N/A,#N/A,#N/A,#N/A,0,#N/A,#N/A,#N/A,#N/A,#N/A,0,#N/A,#N/A,#N/A,#N/A,#N/A,0,#N/A,#N/A,#N/A,#N/A,#N/A
https://frauddetection.cacco.co.jp/media/data/1919/,1919,データ＆レポート,不正被害額は21%増に。かっこ株式会社による調査データを公開,不明,不明,0,#N/A,#N/A,#N/A,#N/A,#N/A,0,#N/A,#N/A,#N/A,#N/A,#N/A,0,#N/A,#N/A,#N/A,#N/A,#N/A,0,#N/A,#N/A,#N/A,#N/A,#N/A
https://frauddetection.cacco.co.jp/media/fraud-access/2007/,2007,不正アクセス,非公開：不正アクセスへの対策を。被害内容、発生後の対応、不正アクセス禁止法について,不明,不明,0,#N/A,#N/A,#N/A,#N/A,#N/A,0,#N/A,#N/A,#N/A,#N/A,#N/A,0,#N/A,#N/A,#N/A,#N/A,#N/A,0,#N/A,#N/A,#N/A,#N/A,#N/A
https://frauddetection.cacco.co.jp/media/securityterms/2015/,2015,セキュリティ用語,不正トラベルとは？その手口を図解・解説,不正トラベルとは,不正トラベルとは,0,#N/A,#N/A,#N/A,#N/A,#N/A,0,#N/A,#N/A,#N/A,#N/A,#N/A,0,#N/A,#N/A,#N/A,#N/A,#N/A,0,#N/A,#N/A,#N/A,#N/A,#N/A
https://frauddetection.cacco.co.jp/media/knowhow/2091/,2091,不正検知・ノウハウ,旅行事業者・旅行者が知っておくべき「不正トラベル対策」,不正トラベル　対策,不正トラベル対策,0,#N/A,#N/A,#N/A,#N/A,#N/A,0,#N/A,#N/A,#N/A,#N/A,#N/A,0,#N/A,#N/A,#N/A,#N/A,#N/A,0,#N/A,#N/A,#N/A,#N/A,#N/A
https://frauddetection.cacco.co.jp/media/news/2194/,2194,ニュース・業界動向,GoToトラベルの地域共通クーポン（電子版）を狙った不正取得被害が続出,GoToトラベル　不正,GoToトラベル不正,0,#N/A,#N/A,#N/A,#N/A,#N/A,0,#N/A,#N/A,#N/A,#N/A,#N/A,0,#N/A,#N/A,#N/A,#N/A,#N/A,0,#N/A,#N/A,#N/A,#N/A,#N/A
https://frauddetection.cacco.co.jp/media/news/2200/,2200,ニュース・業界動向,【注意】iPhoneに表示される不審なカレンダー通知への対策,iPhone　カレンダー通知,iPhoneカレンダー通知,0,#N/A,#N/A,#N/A,#N/A,#N/A,0,0,6,0.00%,51.5,51,0,#N/A,#N/A,#N/A,#N/A,#N/A,0,#N/A,#N/A,#N/A,#N/A,#N/A
https://frauddetection.cacco.co.jp/media/knowhow/2348/,2348,不正検知・ノウハウ,EC受注の拡大と安全性に関する講演レポート「かっこ株式会社」,不明,不明,0,#N/A,#N/A,#N/A,#N/A,#N/A,0,#N/A,#N/A,#N/A,#N/A,#N/A,0,#N/A,#N/A,#N/A,#N/A,#N/A,0,#N/A,#N/A,#N/A,#N/A,#N/A
https://frauddetection.cacco.co.jp/media/knowhow/2373/,2373,不正検知・ノウハウ,不正検知ソリューション7つの種類と特徴！導入が必要と言われている理由も解説,不正検知ソリューション,不正検知ソリューション,0,#N/A,#N/A,#N/A,#N/A,#N/A,0,#N/A,#N/A,#N/A,#N/A,#N/A,0,#N/A,#N/A,#N/A,#N/A,#N/A,0,#N/A,#N/A,#N/A,#N/A,#N/A
https://frauddetection.cacco.co.jp/media/?p=2389,2389,ニュース・業界動向,ニューノーマル時代のEコマース新潮流　～成功するEコマースの条件とは？～,不明,不明,0,#N/A,#N/A,#N/A,#N/A,#N/A,0,#N/A,#N/A,#N/A,#N/A,#N/A,0,#N/A,#N/A,#N/A,#N/A,#N/A,0,#N/A,#N/A,#N/A,#N/A,#N/A
https://frauddetection.cacco.co.jp/media/?p=2419,2419,データ＆レポート,20/11/05開催オンラインセミナー session2：クラウド型WAF「攻撃遮断くん」が可能にするWebセキュリティの強化と効率化,不明,不明,0,#N/A,#N/A,#N/A,#N/A,#N/A,0,#N/A,#N/A,#N/A,#N/A,#N/A,0,#N/A,#N/A,#N/A,#N/A,#N/A,0,#N/A,#N/A,#N/A,#N/A,#N/A
https://frauddetection.cacco.co.jp/media/?p=2421,2421,データ＆レポート,20/11/05開催オンラインセミナー session3：不正アクセス検知サービス「O-motion」で防げるサイバー攻撃被害とは,不明,不明,0,#N/A,#N/A,#N/A,#N/A,#N/A,0,#N/A,#N/A,#N/A,#N/A,#N/A,0,#N/A,#N/A,#N/A,#N/A,#N/A,0,#N/A,#N/A,#N/A,#N/A,#N/A
https://frauddetection.cacco.co.jp/media/?p=2422,2422,データ＆レポート,20/11/05開催オンラインセミナー session4：会場からの質疑応答 ～狙われやすい業種・トライアルの有無など～,不明,不明,0,#N/A,#N/A,#N/A,#N/A,#N/A,0,#N/A,#N/A,#N/A,#N/A,#N/A,0,#N/A,#N/A,#N/A,#N/A,#N/A,0,#N/A,#N/A,#N/A,#N/A,#N/A
https://frauddetection.cacco.co.jp/media/news/2521/,2521,ニュース・業界動向,東京商工リサーチが2020年の「上場企業の個人情報漏えい・紛失事故」調査結果を発表,不明,不明,0,#N/A,#N/A,#N/A,#N/A,#N/A,0,#N/A,#N/A,#N/A,#N/A,#N/A,0,#N/A,#N/A,#N/A,#N/A,#N/A,0,#N/A,#N/A,#N/A,#N/A,#N/A
https://frauddetection.cacco.co.jp/media/news/2585/,2585,ニュース・業界動向,IPA（独立行政法人情報処理推進機構）が「情報セキュリティ10大脅威 2021」を発表,不明,不明,0,#N/A,#N/A,#N/A,#N/A,#N/A,0,#N/A,#N/A,#N/A,#N/A,#N/A,0,#N/A,#N/A,#N/A,#N/A,#N/A,0,#N/A,#N/A,#N/A,#N/A,#N/A
https://frauddetection.cacco.co.jp/media/news/2615/,2615,ニュース・業界動向,日本クレジット協会が発表した令和2年11月クレジットカードの利用状況について,不明,不明,0,#N/A,#N/A,#N/A,#N/A,#N/A,0,#N/A,#N/A,#N/A,#N/A,#N/A,0,#N/A,#N/A,#N/A,#N/A,#N/A,0,#N/A,#N/A,#N/A,#N/A,#N/A
https://frauddetection.cacco.co.jp/media/knowhow/2624/,2624,不正検知・ノウハウ|ニュース・業界動向,【動画有】iPhoneの警告「このパスワードはデータ漏えいで検出されたことがある」表示のメカニズムと対処方法,このパスワードはデータ漏えいで検出されたことがある,このパスワードはデータ漏えいで検出されたことがある,0,#N/A,#N/A,#N/A,#N/A,#N/A,0,#N/A,#N/A,#N/A,#N/A,#N/A,0,9,228,4.00%,2.2,2,0,6,22,27.30%,1,1
https://frauddetection.cacco.co.jp/media/fraud-access/2771/,2771,不正アクセス,不正アクセスを検知する「不正検知システム」とは？,不正アクセス　不正検知,不正アクセス不正検知,0,#N/A,#N/A,#N/A,#N/A,#N/A,0,#N/A,#N/A,#N/A,#N/A,#N/A,0,#N/A,#N/A,#N/A,#N/A,#N/A,0,#N/A,#N/A,#N/A,#N/A,#N/A
https://frauddetection.cacco.co.jp/media/knowhow/2842/,2842,不正検知・ノウハウ,サイバー攻撃への対策5選！被害事例や対処法も解説,サイバー攻撃　対策　企業,サイバー攻撃対策企業,0,#N/A,#N/A,#N/A,#N/A,#N/A,0,0,2,0.00%,86.5,86,0,0,19,0.00%,5.2,5,0,#N/A,#N/A,#N/A,#N/A,#N/A
https://frauddetection.cacco.co.jp/media/data/2863/,2863,データ＆レポート,【2021年最新】クレジットカードの不正利用の発生状況と不正被害額まとめ,非公開,非公開,0,#N/A,#N/A,#N/A,#N/A,#N/A,0,#N/A,#N/A,#N/A,#N/A,#N/A,0,#N/A,#N/A,#N/A,#N/A,#N/A,0,#N/A,#N/A,#N/A,#N/A,#N/A
https://frauddetection.cacco.co.jp/media/knowhow/2912/,2912,不正アクセス|不正検知・ノウハウ,ECサイト事業者向け「なりすまし」への対策と「なりすましECサイト」について,EC　なりすまし,ECなりすまし,0,#N/A,#N/A,#N/A,#N/A,#N/A,0,#N/A,#N/A,#N/A,#N/A,#N/A,0,#N/A,#N/A,#N/A,#N/A,#N/A,0,#N/A,#N/A,#N/A,#N/A,#N/A
https://frauddetection.cacco.co.jp/media/knowhow/2935/,2935,不正アクセス|不正検知・ノウハウ|データ＆レポート,漫画でわかるどこよりもわかりやすいWebセキュリティ入門セミナー ～不正検知サービス編～,不明,不明,0,#N/A,#N/A,#N/A,#N/A,#N/A,0,#N/A,#N/A,#N/A,#N/A,#N/A,0,#N/A,#N/A,#N/A,#N/A,#N/A,0,#N/A,#N/A,#N/A,#N/A,#N/A
https://frauddetection.cacco.co.jp/media/data/2986/,2986,データ＆レポート,「Security Days 2021」不正アクセス対策講演レポート【かっこ株式会社】,不明,不明,0,#N/A,#N/A,#N/A,#N/A,#N/A,0,#N/A,#N/A,#N/A,#N/A,#N/A,0,#N/A,#N/A,#N/A,#N/A,#N/A,0,#N/A,#N/A,#N/A,#N/A,#N/A
https://frauddetection.cacco.co.jp/media/case/3136/,3136,不正アクセス|事例,"「PR TIMES」不正アクセス被害による""発表前プレスリリース情報""の漏洩を発表",PR TIMES 情報漏洩,PRTIMES情報漏洩,0,#N/A,#N/A,#N/A,#N/A,#N/A,0,#N/A,#N/A,#N/A,#N/A,#N/A,0,#N/A,#N/A,#N/A,#N/A,#N/A,0,#N/A,#N/A,#N/A,#N/A,#N/A
https://frauddetection.cacco.co.jp/media/fraud-access/3161/,3161,不正アクセス,ECサイトはセキュリティ対策が必須！導入時の重要なポイント5つを解説,EC　セキュリティ対策,ECセキュリティ対策,0,#N/A,#N/A,#N/A,#N/A,#N/A,0,#N/A,#N/A,#N/A,#N/A,#N/A,0,1,1,100.00%,2,2,0,1,2,50.00%,3,3
https://frauddetection.cacco.co.jp/media/fraud-access/3206/,3206,不正アクセス,通販サイトが攻撃を受ける原因とリスク！4つのセキュリティ対策とは？,通販サイト　セキュリティ対策,通販サイトセキュリティ対策,0,#N/A,#N/A,#N/A,#N/A,#N/A,0,#N/A,#N/A,#N/A,#N/A,#N/A,0,#N/A,#N/A,#N/A,#N/A,#N/A,0,#N/A,#N/A,#N/A,#N/A,#N/A
https://frauddetection.cacco.co.jp/media/news/3275/,3275,不正アクセス|ニュース・業界動向,人気キャラクターECサイト「フクヤ」でクレジットカード情報漏えい｜不正アクセスの防止策とは？,フクヤ　情報漏洩,フクヤ情報漏洩,0,#N/A,#N/A,#N/A,#N/A,#N/A,0,#N/A,#N/A,#N/A,#N/A,#N/A,0,#N/A,#N/A,#N/A,#N/A,#N/A,0,#N/A,#N/A,#N/A,#N/A,#N/A
https://frauddetection.cacco.co.jp/media/knowhow/3294/,3294,不正検知・ノウハウ,二要素認証の導入費用の相場は？費用に影響のある3つの要素も解説！,二要素認証　導入費用,二要素認証導入費用,0,#N/A,#N/A,#N/A,#N/A,#N/A,0,#N/A,#N/A,#N/A,#N/A,#N/A,0,#N/A,#N/A,#N/A,#N/A,#N/A,0,#N/A,#N/A,#N/A,#N/A,#N/A
https://frauddetection.cacco.co.jp/media/fraud-access/3323/,3323,不正アクセス,ECサイトでの情報漏洩対策とは？どんなセキュリティ強化をするべきか,EC　情報漏洩対策,EC情報漏洩対策,0,#N/A,#N/A,#N/A,#N/A,#N/A,0,#N/A,#N/A,#N/A,#N/A,#N/A,0,#N/A,#N/A,#N/A,#N/A,#N/A,0,#N/A,#N/A,#N/A,#N/A,#N/A
https://frauddetection.cacco.co.jp/media/ec/3419/,3419,EC構築・ノウハウ,BNPL(後払い決済)の導入事例5選！日本の市場動向は？,BNPL　導入事例,BNPL導入事例,0,#N/A,#N/A,#N/A,#N/A,#N/A,0,#N/A,#N/A,#N/A,#N/A,#N/A,0,#N/A,#N/A,#N/A,#N/A,#N/A,0,#N/A,#N/A,#N/A,#N/A,#N/A
https://frauddetection.cacco.co.jp/media/news/3475/,3475,ニュース・業界動向,「JTB」グループ会社で不正アクセスによる情報流出。「JTB」がとるべき対策とは？,JTB　情報流出,JTB情報流出,0,#N/A,#N/A,#N/A,#N/A,#N/A,0,#N/A,#N/A,#N/A,#N/A,#N/A,0,#N/A,#N/A,#N/A,#N/A,#N/A,0,#N/A,#N/A,#N/A,#N/A,#N/A
https://frauddetection.cacco.co.jp/media/news/3477/,3477,ニュース・業界動向,コマキ楽器でクレジットカードの情報漏洩発生｜不正アクセス対策を徹底解説,小牧楽器　情報漏洩,小牧楽器情報漏洩,0,#N/A,#N/A,#N/A,#N/A,#N/A,0,#N/A,#N/A,#N/A,#N/A,#N/A,0,#N/A,#N/A,#N/A,#N/A,#N/A,0,#N/A,#N/A,#N/A,#N/A,#N/A
https://frauddetection.cacco.co.jp/media/knowhow/3488/,3488,不正検知・ノウハウ,不正検知サービスは無料で利用できる？コストを抑えて導入する方法も解説！,不正検知　無料,不正検知無料,0,#N/A,#N/A,#N/A,#N/A,#N/A,0,#N/A,#N/A,#N/A,#N/A,#N/A,0,#N/A,#N/A,#N/A,#N/A,#N/A,0,#N/A,#N/A,#N/A,#N/A,#N/A
https://frauddetection.cacco.co.jp/media/3d/3802/,3802,3dセキュア,ECサイトへの3dセキュア2.0の導入が義務化！導入方法や注意点・1.0との違い,EC　3dセキュア2.0,EC3dセキュア2.0,0,#N/A,#N/A,#N/A,#N/A,#N/A,1,#N/A,#N/A,#N/A,#N/A,#N/A,0,#N/A,#N/A,#N/A,#N/A,#N/A,0,#N/A,#N/A,#N/A,#N/A,#N/A
https://frauddetection.cacco.co.jp/media/fraud-access/3824/,3824,不正アクセス,クレジットマスターの手口や被害とは？不正利用を防ぐための対策3選,クレジットマスター　手口,クレジットマスター手口,0,#N/A,#N/A,#N/A,#N/A,#N/A,0,0,4,0.00%,9.5,9,0,0,2,0.00%,15.5,15,0,#N/A,#N/A,#N/A,#N/A,#N/A
https://frauddetection.cacco.co.jp/media/knowhow/4015/,4015,不正検知・ノウハウ,フリマアプリ悪用で広がる不正注文！最新の手口と6つの対策,フリマアプリ　不正注文,フリマアプリ不正注文,0,#N/A,#N/A,#N/A,#N/A,#N/A,0,#N/A,#N/A,#N/A,#N/A,#N/A,0,#N/A,#N/A,#N/A,#N/A,#N/A,0,#N/A,#N/A,#N/A,#N/A,#N/A
https://frauddetection.cacco.co.jp/media/news/4089/,4089,不正アクセス|ニュース・業界動向,クレジットカード決済基盤を提供する「メタップスペイメント」で情報漏洩｜最善の不正アクセス対策とは？,メタップスペイメント　情報漏洩,メタップスペイメント情報漏洩,0,#N/A,#N/A,#N/A,#N/A,#N/A,0,#N/A,#N/A,#N/A,#N/A,#N/A,0,#N/A,#N/A,#N/A,#N/A,#N/A,0,#N/A,#N/A,#N/A,#N/A,#N/A
https://frauddetection.cacco.co.jp/media/news/4104/,4104,ニュース・業界動向,Paypal(ペイパル)のキャンペーンを悪用！報奨金を不正取得され450万アカウント削除,Paypal　キャンペーン　悪用,Paypalキャンペーン悪用,0,#N/A,#N/A,#N/A,#N/A,#N/A,0,#N/A,#N/A,#N/A,#N/A,#N/A,0,#N/A,#N/A,#N/A,#N/A,#N/A,0,#N/A,#N/A,#N/A,#N/A,#N/A
https://frauddetection.cacco.co.jp/media/news/4213/,4213,ニュース・業界動向,【注意】えきねっとになりすました偽メールはフィッシング詐欺！公式通知との見分け方は？,"えきねっと 偽メール,えきねっと フィッシング詐欺","えきねっと偽メール,えきねっとフィッシング詐欺",0,#N/A,#N/A,#N/A,#N/A,#N/A,0,#N/A,#N/A,#N/A,#N/A,#N/A,0,#N/A,#N/A,#N/A,#N/A,#N/A,0,#N/A,#N/A,#N/A,#N/A,#N/A
https://frauddetection.cacco.co.jp/media/news/4279/,4279,ニュース・業界動向,メタバースのコマース市場に起こる3つの影響とは？参入企業の事例や課題を解説,メタバース,メタバース,0,#N/A,#N/A,#N/A,#N/A,#N/A,0,#N/A,#N/A,#N/A,#N/A,#N/A,0,#N/A,#N/A,#N/A,#N/A,#N/A,0,#N/A,#N/A,#N/A,#N/A,#N/A
https://frauddetection.cacco.co.jp/media/knowhow/4284/,4284,不正検知・ノウハウ,メタバースでなりすましされた場合のリスクとは？対策6つを紹介！,メタバース　なりすまし,メタバースなりすまし,0,#N/A,#N/A,#N/A,#N/A,#N/A,0,#N/A,#N/A,#N/A,#N/A,#N/A,0,#N/A,#N/A,#N/A,#N/A,#N/A,0,#N/A,#N/A,#N/A,#N/A,#N/A
https://frauddetection.cacco.co.jp/media/knowhow/4308/,4308,不正検知・ノウハウ,クレジットカードの不正利用は多様化している！7つのパターンを紹介,クレジットカード　不正利用　パターン,クレジットカード不正利用パターン,0,#N/A,#N/A,#N/A,#N/A,#N/A,0,#N/A,#N/A,#N/A,#N/A,#N/A,0,#N/A,#N/A,#N/A,#N/A,#N/A,0,#N/A,#N/A,#N/A,#N/A,#N/A
https://frauddetection.cacco.co.jp/media/data/4364/,4364,データ＆レポート,【2024年最新】クレジットカードの不正利用被害は過去最高額！クレカ不正の発生状況と被害額まとめ,不明,不明,0,#N/A,#N/A,#N/A,#N/A,#N/A,0,#N/A,#N/A,#N/A,#N/A,#N/A,0,#N/A,#N/A,#N/A,#N/A,#N/A,0,#N/A,#N/A,#N/A,#N/A,#N/A
https://frauddetection.cacco.co.jp/media/ec/4413/,4413,EC構築・ノウハウ,EC業界用語集?不正編?ジャンルごとに主要な用語を解説！,EC　用語集,EC用語集,0,#N/A,#N/A,#N/A,#N/A,#N/A,0,#N/A,#N/A,#N/A,#N/A,#N/A,0,#N/A,#N/A,#N/A,#N/A,#N/A,0,#N/A,#N/A,#N/A,#N/A,#N/A
https://frauddetection.cacco.co.jp/media/ec/4492/,4492,EC構築・ノウハウ,発送処理の流れ4ステップとおすすめの効率化方法2つを解説！,発走処理,発走処理,0,#N/A,#N/A,#N/A,#N/A,#N/A,0,#N/A,#N/A,#N/A,#N/A,#N/A,0,#N/A,#N/A,#N/A,#N/A,#N/A,0,#N/A,#N/A,#N/A,#N/A,#N/A
https://frauddetection.cacco.co.jp/media/fraud-access/4612/,4612,不正アクセス,楽天ポイントで不正利用被害発生｜返還はされるのか、対策や被害後はどうするか？事業者向けの対策も解説,楽天ポイント　不正,楽天ポイント不正,0,#N/A,#N/A,#N/A,#N/A,#N/A,0,#N/A,#N/A,#N/A,#N/A,#N/A,0,1,3,33.30%,2,2,0,1,1,100.00%,2,2
https://frauddetection.cacco.co.jp/media/fraud-access/4660/,4660,不正アクセス,エディオン（EDION）が不正アクセスを受け顧客情報漏洩・削除被害,エディオン　情報漏洩,エディオン情報漏洩,0,#N/A,#N/A,#N/A,#N/A,#N/A,0,#N/A,#N/A,#N/A,#N/A,#N/A,0,#N/A,#N/A,#N/A,#N/A,#N/A,0,#N/A,#N/A,#N/A,#N/A,#N/A
https://frauddetection.cacco.co.jp/media/fraud-access/4832/,4832,不正アクセス,不正アクセスで情報漏洩が発生したらどうする？5つのすぐに対応すべきこと,不正アクセス　情報漏洩　対応,不正アクセス情報漏洩対応,0,#N/A,#N/A,#N/A,#N/A,#N/A,0,#N/A,#N/A,#N/A,#N/A,#N/A,0,#N/A,#N/A,#N/A,#N/A,#N/A,0,#N/A,#N/A,#N/A,#N/A,#N/A
https://frauddetection.cacco.co.jp/media/chargeback/5038/,5038,チャージバック,ecbeingのチャージバック対策は万全？ECサイトの不正リスクを解説,ecbeing　チャージバック　対策,ecbeingチャージバック対策,0,#N/A,#N/A,#N/A,#N/A,#N/A,0,#N/A,#N/A,#N/A,#N/A,#N/A,0,#N/A,#N/A,#N/A,#N/A,#N/A,0,#N/A,#N/A,#N/A,#N/A,#N/A
https://frauddetection.cacco.co.jp/media/knowhow/5156/,5156,不正検知・ノウハウ,ecbeingで転売対策を行うには？必要性やポイントを紹介,ecbeing　転売対策,ecbeing転売対策,0,#N/A,#N/A,#N/A,#N/A,#N/A,0,#N/A,#N/A,#N/A,#N/A,#N/A,0,#N/A,#N/A,#N/A,#N/A,#N/A,0,#N/A,#N/A,#N/A,#N/A,#N/A
https://frauddetection.cacco.co.jp/media/fraud-access/5259/,5259,不正アクセス,個人情報保護委員会に報告する方法とは？情報漏洩を防ぐ対策も紹介,情報漏洩　報告,情報漏洩報告,0,#N/A,#N/A,#N/A,#N/A,#N/A,0,0,2,0.00%,25,25,0,#N/A,#N/A,#N/A,#N/A,#N/A,0,0,5,0.00%,31,31
https://frauddetection.cacco.co.jp/media/knowhow/5311/,5311,不正検知・ノウハウ,QRコード決済は危険？不正利用される原因や安全に使える電子決済とは,QRコード決済 不正,QRコード決済不正,0,#N/A,#N/A,#N/A,#N/A,#N/A,0,#N/A,#N/A,#N/A,#N/A,#N/A,0,#N/A,#N/A,#N/A,#N/A,#N/A,0,#N/A,#N/A,#N/A,#N/A,#N/A
https://frauddetection.cacco.co.jp/media/knowhow/5323/,5323,不正検知・ノウハウ,企業が対応するべき乗っ取り被害の例5つ！確認方法や対処法を解説,企業　乗っ取り　対策,企業乗っ取り対策,0,#N/A,#N/A,#N/A,#N/A,#N/A,0,#N/A,#N/A,#N/A,#N/A,#N/A,0,#N/A,#N/A,#N/A,#N/A,#N/A,0,#N/A,#N/A,#N/A,#N/A,#N/A
https://frauddetection.cacco.co.jp/media/fraud-access/5430/,5430,不正アクセス,ランサムウェア攻撃を対策する4つの方法｜感染した場合の対応についても解説,ランサムウェア攻撃　対策,ランサムウェア攻撃対策,0,#N/A,#N/A,#N/A,#N/A,#N/A,0,#N/A,#N/A,#N/A,#N/A,#N/A,0,#N/A,#N/A,#N/A,#N/A,#N/A,0,#N/A,#N/A,#N/A,#N/A,#N/A
https://frauddetection.cacco.co.jp/media/fraud-access/5493/,5493,不正アクセス,ブルートフォース攻撃とは？被害の例9つと対策5つもやさしく解説,ブルートフォース攻撃とは,ブルートフォース攻撃とは,0,#N/A,#N/A,#N/A,#N/A,#N/A,0,#N/A,#N/A,#N/A,#N/A,#N/A,0,#N/A,#N/A,#N/A,#N/A,#N/A,0,#N/A,#N/A,#N/A,#N/A,#N/A
https://frauddetection.cacco.co.jp/media/3d/5637/,5637,3dセキュア,3dセキュア2.0を導入後も不正注文対策は必要！理由とおすすめの不正検知システムを解説,3dセキュア　導入　不正注文対策,3dセキュア導入不正注文対策,0,#N/A,#N/A,#N/A,#N/A,#N/A,0,#N/A,#N/A,#N/A,#N/A,#N/A,0,#N/A,#N/A,#N/A,#N/A,#N/A,0,#N/A,#N/A,#N/A,#N/A,#N/A
https://frauddetection.cacco.co.jp/media/fraud-access/5677/,5677,不正アクセス,【即解決】動画配信サービス(VOD)の乗っ取り・不正アクセス被害の対処法・対策法,VOD 乗っ取り,VOD乗っ取り,0,#N/A,#N/A,#N/A,#N/A,#N/A,0,#N/A,#N/A,#N/A,#N/A,#N/A,0,#N/A,#N/A,#N/A,#N/A,#N/A,0,#N/A,#N/A,#N/A,#N/A,#N/A
https://frauddetection.cacco.co.jp/media/ec/5686/,5686,EC構築・ノウハウ,ECサイト開設・運営の失敗例7つと4つの注意点,"ECサイト 注意, ネット通販 注意","ECサイト注意,ネット通販注意",0,#N/A,#N/A,#N/A,#N/A,#N/A,0,#N/A,#N/A,#N/A,#N/A,#N/A,0,#N/A,#N/A,#N/A,#N/A,#N/A,0,#N/A,#N/A,#N/A,#N/A,#N/A
https://frauddetection.cacco.co.jp/media/3d/6093/,6093,3dセキュア,3dセキュアは不正検知システムとの併用がおすすめ！その理由と両者の違いを解説,3dセキュア 不正検知 併用,3dセキュア不正検知併用,0,#N/A,#N/A,#N/A,#N/A,#N/A,0,#N/A,#N/A,#N/A,#N/A,#N/A,0,#N/A,#N/A,#N/A,#N/A,#N/A,0,#N/A,#N/A,#N/A,#N/A,#N/A
https://frauddetection.cacco.co.jp/media/knowhow/6301/,6301,不正検知・ノウハウ,【無料あり】脆弱性診断サービスおすすめ20選！4つの選び方も解説,脆弱性診断サービス　おすすめ,脆弱性診断サービスおすすめ,0,#N/A,#N/A,#N/A,#N/A,#N/A,0,0,14,0.00%,27.8,27,0,0,141,0.00%,6.1,6,0,0,3,0.00%,36.3,36
https://frauddetection.cacco.co.jp/media/fraud-access/6382/,6382,不正アクセス,自社の脆弱性は大丈夫？チェック方法やその他の不正アクセス対策を解説,静寂性　チェック方法,静寂性チェック方法,0,#N/A,#N/A,#N/A,#N/A,#N/A,0,#N/A,#N/A,#N/A,#N/A,#N/A,0,#N/A,#N/A,#N/A,#N/A,#N/A,0,#N/A,#N/A,#N/A,#N/A,#N/A
https://frauddetection.cacco.co.jp/media/3d/6530/,6530,3dセキュア,ECは3dセキュア2.0とオーソリだけでは十分な不正対策といえない理由,EC　3dセキュア　オーソリ,EC3dセキュアオーソリ,0,#N/A,#N/A,#N/A,#N/A,#N/A,0,#N/A,#N/A,#N/A,#N/A,#N/A,0,#N/A,#N/A,#N/A,#N/A,#N/A,0,#N/A,#N/A,#N/A,#N/A,#N/A
https://frauddetection.cacco.co.jp/media/3d/6585/,6585,3dセキュア,3dセキュア2.0で不正が減らないと言われる理由とおすすすめの不正対策を紹介,3dセキュア　不正　減らない,3dセキュア不正減らない,0,#N/A,#N/A,#N/A,#N/A,#N/A,0,#N/A,#N/A,#N/A,#N/A,#N/A,0,#N/A,#N/A,#N/A,#N/A,#N/A,0,#N/A,#N/A,#N/A,#N/A,#N/A
https://frauddetection.cacco.co.jp/media/knowhow/6810/,6810,不正検知・ノウハウ,住所を悪用した不正注文の現状とは？配送先の確認方法や誤配送の対策も解説,住所　悪用　不正注文,住所悪用不正注文,0,#N/A,#N/A,#N/A,#N/A,#N/A,0,#N/A,#N/A,#N/A,#N/A,#N/A,0,#N/A,#N/A,#N/A,#N/A,#N/A,0,#N/A,#N/A,#N/A,#N/A,#N/A
https://frauddetection.cacco.co.jp/media/fraud-access/6925/,6925,不正アクセス,管理画面から不正ログインされる手口やリスクは？対策方法4つも解説,管理画面　不正ログイン,管理画面不正ログイン,0,#N/A,#N/A,#N/A,#N/A,#N/A,0,#N/A,#N/A,#N/A,#N/A,#N/A,0,#N/A,#N/A,#N/A,#N/A,#N/A,0,#N/A,#N/A,#N/A,#N/A,#N/A
https://frauddetection.cacco.co.jp/media/fraud-access/6940/,6940,不正アクセス,不正なポイント交換被害に遭遇したときの対処法や事前にできる対策を解説,ポイント　不正　対策,ポイント不正対策,0,#N/A,#N/A,#N/A,#N/A,#N/A,0,#N/A,#N/A,#N/A,#N/A,#N/A,0,#N/A,#N/A,#N/A,#N/A,#N/A,0,#N/A,#N/A,#N/A,#N/A,#N/A
https://frauddetection.cacco.co.jp/media/fraud-access/6964/,6964,不正アクセス,不正アクセスを早期発見！モニタリングの重要性や方法を解説,不正アクセス　モニタリング,不正アクセスモニタリング,0,#N/A,#N/A,#N/A,#N/A,#N/A,0,#N/A,#N/A,#N/A,#N/A,#N/A,0,#N/A,#N/A,#N/A,#N/A,#N/A,0,#N/A,#N/A,#N/A,#N/A,#N/A
https://frauddetection.cacco.co.jp/media/compliance/7094/,7094,コンプライアンス,企業SNSによる情報漏洩の事例6選！担当者が知るべき原因と対策,企業　SNS　情報漏洩,企業SNS情報漏洩,0,#N/A,#N/A,#N/A,#N/A,#N/A,0,#N/A,#N/A,#N/A,#N/A,#N/A,0,#N/A,#N/A,#N/A,#N/A,#N/A,0,#N/A,#N/A,#N/A,#N/A,#N/A
https://frauddetection.cacco.co.jp/media/news/7123/,7123,ニュース・業界動向,【要注意】国税庁・税務署からのSMSはフィッシング詐欺！届いた時の対処法や事後対応,"国税庁 フィッシングSMS, 税務署 フィッシングSMS","国税庁フィッシングSMS,税務署フィッシングSMS",0,#N/A,#N/A,#N/A,#N/A,#N/A,0,#N/A,#N/A,#N/A,#N/A,#N/A,0,#N/A,#N/A,#N/A,#N/A,#N/A,0,#N/A,#N/A,#N/A,#N/A,#N/A
https://frauddetection.cacco.co.jp/media/securityterms/7291/,7291,セキュリティ用語,【注意】SMSを使ったフィッシングが急増中！事例と増加の背景から対策を解説,"スミッシング, フィッシング SMS, フィッシング, SMS","スミッシング,フィッシングSMS,フィッシング,SMS",0,#N/A,#N/A,#N/A,#N/A,#N/A,0,#N/A,#N/A,#N/A,#N/A,#N/A,0,#N/A,#N/A,#N/A,#N/A,#N/A,0,#N/A,#N/A,#N/A,#N/A,#N/A
https://frauddetection.cacco.co.jp/media/ec/7405/,7405,EC構築・ノウハウ,自社型ECサイトとは？おすすめの構築方法やメリット・デメリットを解説,自社型ECとは,自社型ECとは,0,#N/A,#N/A,#N/A,#N/A,#N/A,0,#N/A,#N/A,#N/A,#N/A,#N/A,0,#N/A,#N/A,#N/A,#N/A,#N/A,0,#N/A,#N/A,#N/A,#N/A,#N/A
https://frauddetection.cacco.co.jp/media/fraud-access/7430/,7430,不正アクセス,【事業者向け】フィッシングSMS（スミッシング）による不正アクセスとその対策を徹底解説,"フィッシングSMS 対策, スミッシング 対策","フィッシングSMS対策,スミッシング対策",0,#N/A,#N/A,#N/A,#N/A,#N/A,0,#N/A,#N/A,#N/A,#N/A,#N/A,0,#N/A,#N/A,#N/A,#N/A,#N/A,0,#N/A,#N/A,#N/A,#N/A,#N/A
https://frauddetection.cacco.co.jp/media/ec/8008/,8008,EC構築・ノウハウ,【事業者向け】電子決済を導入するうえでの注意点4つと店舗に合う電子決済の選び方,電子決済 注意,電子決済注意,0,#N/A,#N/A,#N/A,#N/A,#N/A,0,#N/A,#N/A,#N/A,#N/A,#N/A,0,#N/A,#N/A,#N/A,#N/A,#N/A,0,#N/A,#N/A,#N/A,#N/A,#N/A
https://frauddetection.cacco.co.jp/media/knowhow/8074/,8074,不正検知・ノウハウ,電子決済とは？利用する上での注意点や使うメリット,電子決済 注意,電子決済注意,0,#N/A,#N/A,#N/A,#N/A,#N/A,0,#N/A,#N/A,#N/A,#N/A,#N/A,0,#N/A,#N/A,#N/A,#N/A,#N/A,0,#N/A,#N/A,#N/A,#N/A,#N/A
https://frauddetection.cacco.co.jp/media/knowhow/8617/,8617,不正検知・ノウハウ,メルカリでの転売を止める対策10個！運営を頼らずに自社商品を守る方法,"メルカリ　転売,","メルカリ転売,",0,#N/A,#N/A,#N/A,#N/A,#N/A,0,#N/A,#N/A,#N/A,#N/A,#N/A,0,#N/A,#N/A,#N/A,#N/A,#N/A,1,#N/A,#N/A,#N/A,#N/A,#N/A
https://frauddetection.cacco.co.jp/media/knowhow/8629/,8629,不正検知・ノウハウ,なりすましサイトとは？被害例や見分け方、対処法を徹底解説,なりすましサイトとは,なりすましサイトとは,0,#N/A,#N/A,#N/A,#N/A,#N/A,0,#N/A,#N/A,#N/A,#N/A,#N/A,0,#N/A,#N/A,#N/A,#N/A,#N/A,0,#N/A,#N/A,#N/A,#N/A,#N/A
https://frauddetection.cacco.co.jp/media/ec/8649/,8649,EC構築・ノウハウ,Alipay(アリペイ)とは？3つのメリットと導入すべき理由5つ,Alipay（アリペイ）とは,Alipay（アリペイ）とは,0,#N/A,#N/A,#N/A,#N/A,#N/A,0,#N/A,#N/A,#N/A,#N/A,#N/A,0,#N/A,#N/A,#N/A,#N/A,#N/A,0,#N/A,#N/A,#N/A,#N/A,#N/A
https://frauddetection.cacco.co.jp/media/fraud-access/8798/,8798,不正アクセス,TwitterがSMS認証(電話番号認証)を有料化！おすすめの無料2要素認証ツールも紹介,SMS認証　有料化　Twitter,SMS認証有料化Twitter,0,#N/A,#N/A,#N/A,#N/A,#N/A,0,#N/A,#N/A,#N/A,#N/A,#N/A,0,#N/A,#N/A,#N/A,#N/A,#N/A,0,#N/A,#N/A,#N/A,#N/A,#N/A
https://frauddetection.cacco.co.jp/media/ec/8901/,8901,EC構築・ノウハウ,楽天市場でのECサイト開設がおすすめな4つの理由！楽天で出店する方法や成功事例も紹介,楽天　EC　開設,楽天EC開設,0,#N/A,#N/A,#N/A,#N/A,#N/A,0,#N/A,#N/A,#N/A,#N/A,#N/A,0,#N/A,#N/A,#N/A,#N/A,#N/A,0,#N/A,#N/A,#N/A,#N/A,#N/A
https://frauddetection.cacco.co.jp/media/knowhow/9204/,9204,不正検知・ノウハウ,初回限定品を狙った不正注文・転売の対策方法7選,初回限定品 転売,初回限定品転売,0,#N/A,#N/A,#N/A,#N/A,#N/A,0,#N/A,#N/A,#N/A,#N/A,#N/A,1,#N/A,#N/A,#N/A,#N/A,#N/A,1,#N/A,#N/A,#N/A,#N/A,#N/A
https://frauddetection.cacco.co.jp/media/ec/9431/,9431,EC構築・ノウハウ,個人でネットショップを開業する6ステップと失敗しない5つのポイント,個人　ネットショップ　開業,個人ネットショップ開業,0,#N/A,#N/A,#N/A,#N/A,#N/A,0,#N/A,#N/A,#N/A,#N/A,#N/A,0,#N/A,#N/A,#N/A,#N/A,#N/A,0,#N/A,#N/A,#N/A,#N/A,#N/A
https://frauddetection.cacco.co.jp/media/news/9574/,9574,不正アクセス|ニュース・業界動向,100%迷惑メール！「不正アクセスによりあなたの個人情報が流出しています」というフィッシングメールに要注意,不正アクセスによりあなたの個人情報が流出しています,不正アクセスによりあなたの個人情報が流出しています,0,#N/A,#N/A,#N/A,#N/A,#N/A,0,#N/A,#N/A,#N/A,#N/A,#N/A,0,#N/A,#N/A,#N/A,#N/A,#N/A,0,#N/A,#N/A,#N/A,#N/A,#N/A
https://frauddetection.cacco.co.jp/media/knowhow/10941/,10941,不正検知・ノウハウ,レンタル商品の転売は違法？被害事例や対策方法を徹底解説！,レンタル　転売,レンタル転売,0,#N/A,#N/A,#N/A,#N/A,#N/A,0,#N/A,#N/A,#N/A,#N/A,#N/A,0,#N/A,#N/A,#N/A,#N/A,#N/A,0,#N/A,#N/A,#N/A,#N/A,#N/A
https://frauddetection.cacco.co.jp/media/data/11204/,11204,データ＆レポート,キャッシュレスセキュリティレポート｜かっこ＆ｆｊコンサルティング,キャッシュレスセキュリティレポート,キャッシュレスセキュリティレポート,0,#N/A,#N/A,#N/A,#N/A,#N/A,0,#N/A,#N/A,#N/A,#N/A,#N/A,0,#N/A,#N/A,#N/A,#N/A,#N/A,0,#N/A,#N/A,#N/A,#N/A,#N/A
https://frauddetection.cacco.co.jp/media/knowhow/11381/,11381,不正検知・ノウハウ,過去に個人情報漏洩があった企業・サービスは大丈夫？安全性から見る利用の判断,情報漏洩　起こった後　安全性,情報漏洩起こった後安全性,0,#N/A,#N/A,#N/A,#N/A,#N/A,0,#N/A,#N/A,#N/A,#N/A,#N/A,0,#N/A,#N/A,#N/A,#N/A,#N/A,0,#N/A,#N/A,#N/A,#N/A,#N/A
https://frauddetection.cacco.co.jp/media/fraud-access/11428/,11428,不正アクセス,補助金や助成金の代理申込とは？不正受給のリスクに要注意,補助金　代理申込,補助金代理申込,0,#N/A,#N/A,#N/A,#N/A,#N/A,0,#N/A,#N/A,#N/A,#N/A,#N/A,0,#N/A,#N/A,#N/A,#N/A,#N/A,0,#N/A,#N/A,#N/A,#N/A,#N/A
https://frauddetection.cacco.co.jp/media/knowhow/11709/,11709,不正検知・ノウハウ,クレジットカードの不正利用はEC事業者の負担！その理由や行うべき不正対策を紹介,カード不正利用　誰が払う,カード不正利用誰が払う,0,#N/A,#N/A,#N/A,#N/A,#N/A,0,#N/A,#N/A,#N/A,#N/A,#N/A,0,#N/A,#N/A,#N/A,#N/A,#N/A,0,#N/A,#N/A,#N/A,#N/A,#N/A
https://frauddetection.cacco.co.jp/media/news/11832/,11832,ニュース・業界動向,ネットショップでの買い物は不安？安全にECで買い物をするためのポイントや解決策,ネットショップ　不安,ネットショップ不安,0,#N/A,#N/A,#N/A,#N/A,#N/A,0,#N/A,#N/A,#N/A,#N/A,#N/A,0,#N/A,#N/A,#N/A,#N/A,#N/A,0,#N/A,#N/A,#N/A,#N/A,#N/A
https://frauddetection.cacco.co.jp/media/ec/11975/,11975,EC構築・ノウハウ,【事業者から見る後払い決済】メリット・デメリットや導入方法を解説,後払い決済　メリット　デメリット,後払い決済メリットデメリット,0,#N/A,#N/A,#N/A,#N/A,#N/A,0,#N/A,#N/A,#N/A,#N/A,#N/A,0,#N/A,#N/A,#N/A,#N/A,#N/A,0,#N/A,#N/A,#N/A,#N/A,#N/A
https://frauddetection.cacco.co.jp/media/knowhow/12008/,12008,不正検知・ノウハウ,VODサービスでのアカウント共有の危険性や乗っ取り(不正アクセス)を発見した時の対処法を解説,VOD　アカウント共有　危険性,VODアカウント共有危険性,0,#N/A,#N/A,#N/A,#N/A,#N/A,0,#N/A,#N/A,#N/A,#N/A,#N/A,0,#N/A,#N/A,#N/A,#N/A,#N/A,0,#N/A,#N/A,#N/A,#N/A,#N/A
https://frauddetection.cacco.co.jp/media/knowhow/12239/,12239,不正検知・ノウハウ|ニュース・業界動向,お菓子の不正注文が急増中！EC事業者が負うリスクやおすすめの不正注文対策を紹介,お菓子　不正注文,お菓子不正注文,0,#N/A,#N/A,#N/A,#N/A,#N/A,0,#N/A,#N/A,#N/A,#N/A,#N/A,0,#N/A,#N/A,#N/A,#N/A,#N/A,0,#N/A,#N/A,#N/A,#N/A,#N/A
https://frauddetection.cacco.co.jp/media/knowhow/12777/,12777,不正検知・ノウハウ,スピアフィッシング攻撃とは？手口や4つの対策・フィッシングとの違いを解説,スピアフィッシング攻撃とは,スピアフィッシング攻撃とは,0,#N/A,#N/A,#N/A,#N/A,#N/A,0,#N/A,#N/A,#N/A,#N/A,#N/A,0,#N/A,#N/A,#N/A,#N/A,#N/A,0,#N/A,#N/A,#N/A,#N/A,#N/A
https://frauddetection.cacco.co.jp/media/ec/12948/,12948,EC構築・ノウハウ,後払い決済サービス導入は販路拡大のチャンス！4つのメリットや注意点を解説,後払い決済　導入　メリット,後払い決済導入メリット,0,#N/A,#N/A,#N/A,#N/A,#N/A,0,#N/A,#N/A,#N/A,#N/A,#N/A,0,#N/A,#N/A,#N/A,#N/A,#N/A,0,#N/A,#N/A,#N/A,#N/A,#N/A
https://frauddetection.cacco.co.jp/media/ec/12999/,12999,EC構築・ノウハウ,【事業者向け】コンビニ後払いの4つの導入メリット・導入方法を紹介,コンビニ後払い　導入,コンビニ後払い導入,0,#N/A,#N/A,#N/A,#N/A,#N/A,0,#N/A,#N/A,#N/A,#N/A,#N/A,0,#N/A,#N/A,#N/A,#N/A,#N/A,0,#N/A,#N/A,#N/A,#N/A,#N/A
https://frauddetection.cacco.co.jp/media/ec/13009/,13009,EC構築・ノウハウ,自社後払いとは？利用者・事業者のメリットや導入時の注意点,自社後払いとは,自社後払いとは,0,#N/A,#N/A,#N/A,#N/A,#N/A,0,#N/A,#N/A,#N/A,#N/A,#N/A,0,#N/A,#N/A,#N/A,#N/A,#N/A,0,#N/A,#N/A,#N/A,#N/A,#N/A
https://frauddetection.cacco.co.jp/media/3d/13194/,13194,3dセキュア,3dセキュアと不正注文検知システムの併用事例を紹介！併用するべき理由とは？,3dセキュア　不正検知　事例,3dセキュア不正検知事例,0,#N/A,#N/A,#N/A,#N/A,#N/A,0,#N/A,#N/A,#N/A,#N/A,#N/A,0,#N/A,#N/A,#N/A,#N/A,#N/A,1,#N/A,#N/A,#N/A,#N/A,#N/A
https://frauddetection.cacco.co.jp/media/ec/13205/,13205,EC構築・ノウハウ,抽選販売による転売対策とは？事例・有効な対策方法4つを紹介,抽選販売　転売対策,抽選販売転売対策,0,#N/A,#N/A,#N/A,#N/A,#N/A,0,#N/A,#N/A,#N/A,#N/A,#N/A,1,#N/A,#N/A,#N/A,#N/A,#N/A,0,#N/A,#N/A,#N/A,#N/A,#N/A
https://frauddetection.cacco.co.jp/media/fraud-access/13296/,13296,不正アクセス,【注意】偽サイトは簡単に作れる！本物(公式)との見分け方や偽サイトを作らせない対策を紹介,偽サイト　簡単に作れる,偽サイト簡単に作れる,0,#N/A,#N/A,#N/A,#N/A,#N/A,0,#N/A,#N/A,#N/A,#N/A,#N/A,0,#N/A,#N/A,#N/A,#N/A,#N/A,0,#N/A,#N/A,#N/A,#N/A,#N/A
https://frauddetection.cacco.co.jp/media/knowhow/13357/,13357,不正検知・ノウハウ,【企業向け】受け取り拒否には4つの対策を！受け取り拒否への対応方法も詳しく解説【例文あり】,受け取り拒否　対策,受け取り拒否対策,0,#N/A,#N/A,#N/A,#N/A,#N/A,0,#N/A,#N/A,#N/A,#N/A,#N/A,0,#N/A,#N/A,#N/A,#N/A,#N/A,0,#N/A,#N/A,#N/A,#N/A,#N/A
https://frauddetection.cacco.co.jp/media/ec/13504/,13504,EC構築・ノウハウ,BNPL(後払い決済)は自社で開発できる！4つのメリットからデメリット・注意点まで解説,BNPL　自社開発,BNPL自社開発,0,#N/A,#N/A,#N/A,#N/A,#N/A,0,#N/A,#N/A,#N/A,#N/A,#N/A,0,#N/A,#N/A,#N/A,#N/A,#N/A,0,#N/A,#N/A,#N/A,#N/A,#N/A
https://frauddetection.cacco.co.jp/media/ec/13549/,13549,EC構築・ノウハウ,後払いシステム開発費用の相場は？費用を抑える4つのポイントも紹介,後払いシステム　開発　相場,後払いシステム開発相場,0,#N/A,#N/A,#N/A,#N/A,#N/A,0,#N/A,#N/A,#N/A,#N/A,#N/A,0,#N/A,#N/A,#N/A,#N/A,#N/A,0,#N/A,#N/A,#N/A,#N/A,#N/A
https://frauddetection.cacco.co.jp/media/fraud-access/13976/,13976,不正アクセス,抽選販売で買い占めは防げる？悪質な転売ヤーによる3つの手口と対策も紹介,抽選販売　買い占め,抽選販売買い占め,0,#N/A,#N/A,#N/A,#N/A,#N/A,0,#N/A,#N/A,#N/A,#N/A,#N/A,0,#N/A,#N/A,#N/A,#N/A,#N/A,0,#N/A,#N/A,#N/A,#N/A,#N/A
https://frauddetection.cacco.co.jp/media/knowhow/14237/,14237,不正検知・ノウハウ,フィッシング詐欺メールを開いてしまった際の3つの対処法！事例・見分け方も解説,フィッシングメール　対処法,フィッシングメール対処法,0,#N/A,#N/A,#N/A,#N/A,#N/A,0,#N/A,#N/A,#N/A,#N/A,#N/A,0,#N/A,#N/A,#N/A,#N/A,#N/A,0,#N/A,#N/A,#N/A,#N/A,#N/A
https://frauddetection.cacco.co.jp/media/fraud-access/14713/,14713,不正アクセス,UTMとは？主な6つの機能とメリット・押さえておくべきポイントも解説,UTMとは,UTMとは,0,#N/A,#N/A,#N/A,#N/A,#N/A,0,0,187,0.00%,61.5,61,0,1,7,14.30%,7.9,7,0,1,154,0.60%,58.3,58
https://frauddetection.cacco.co.jp/media/fraud-access/14730/,14730,不正アクセス,UTMが必要ないとされる3つの理由や導入時のポイントを解説,UTM　必要ない,UTM必要ない,0,#N/A,#N/A,#N/A,#N/A,#N/A,0,5,222,2.20%,15.9,15,0,22,121,18.20%,3,3,0,17,361,4.70%,5.1,5
https://frauddetection.cacco.co.jp/media/knowhow/14742/,14742,不正検知・ノウハウ,個人情報を抜き取られ偽造されるとどうなる？事例や6つの対策を紹介,個人情報　偽造,個人情報偽造,0,#N/A,#N/A,#N/A,#N/A,#N/A,0,#N/A,#N/A,#N/A,#N/A,#N/A,0,#N/A,#N/A,#N/A,#N/A,#N/A,0,#N/A,#N/A,#N/A,#N/A,#N/A
https://frauddetection.cacco.co.jp/media/ec/14767/,14767,EC構築・ノウハウ,トークン決済とは？ECサイトでのカード情報の非保持化について解説,トークン決済とは,トークン決済とは,0,#N/A,#N/A,#N/A,#N/A,#N/A,0,1,1,100.00%,21,21,0,0,2,0.00%,3,3,0,#N/A,#N/A,#N/A,#N/A,#N/A
https://frauddetection.cacco.co.jp/media/fraud-access/14978/,14978,不正アクセス,SIEM（シーム）とは？セキュリティの仕組みや3つの機能！メリット・デメリットなど徹底解説,SIEMとは,SIEMとは,0,#N/A,#N/A,#N/A,#N/A,#N/A,0,0,63,0.00%,36.8,36,0,0,4,0.00%,73,73,0,0,35,0.00%,30.6,30
https://frauddetection.cacco.co.jp/media/news/15051/,15051,ニュース・業界動向,大谷翔平選手の試合を見るには？チケットの購入方法と韓国や現地(ロサンゼルス)での観戦方法の解説と全注意点,大谷翔平　試合　チケット,大谷翔平試合チケット,0,#N/A,#N/A,#N/A,#N/A,#N/A,0,#N/A,#N/A,#N/A,#N/A,#N/A,0,1,1,100.00%,2,2,0,0,8,0.00%,9.5,9
https://frauddetection.cacco.co.jp/media/for-consumers/15100/,15100,消費者向け,VOD(動画配信サービス)の中で大人におすすめなものは？それぞれの特徴や利用する注意点を解説,VOD　大人　おすすめ,VOD大人おすすめ,0,#N/A,#N/A,#N/A,#N/A,#N/A,0,#N/A,#N/A,#N/A,#N/A,#N/A,0,#N/A,#N/A,#N/A,#N/A,#N/A,0,#N/A,#N/A,#N/A,#N/A,#N/A
https://frauddetection.cacco.co.jp/media/news/15120/,15120,ニュース・業界動向,【注意】偽造運転免許証は100％バレる！危険性や逮捕された事例などを紹介,偽造運転免許証,偽造運転免許証,0,#N/A,#N/A,#N/A,#N/A,#N/A,0,2,25,9.40%,8.4,8,0,3,6,50.00%,9.5,9,0,4,20,20.00%,1,1
https://frauddetection.cacco.co.jp/media/ec/15142/,15142,EC構築・ノウハウ,W2 Unified・W2 Repeatについて解説！利用するメリットや導入すべき事業者も紹介,W2 Unified　W2 Repeat,W2UnifiedW2Repeat,0,#N/A,#N/A,#N/A,#N/A,#N/A,0,#N/A,#N/A,#N/A,#N/A,#N/A,0,#N/A,#N/A,#N/A,#N/A,#N/A,0,#N/A,#N/A,#N/A,#N/A,#N/A
https://frauddetection.cacco.co.jp/media/for-consumers/15251/,15251,消費者向け,メルカリで偽物のブランド品を買わない（見分ける）方法3選,メルカリ　偽物　買わない方法,メルカリ偽物買わない方法,0,#N/A,#N/A,#N/A,#N/A,#N/A,0,#N/A,#N/A,#N/A,#N/A,#N/A,0,#N/A,#N/A,#N/A,#N/A,#N/A,0,#N/A,#N/A,#N/A,#N/A,#N/A
https://frauddetection.cacco.co.jp/media/ec/15281/,15281,EC構築・ノウハウ,ECサイトの停止事例・情報漏洩が与えるダメージと3つの対策を解説,ECサイト　停止,ECサイト停止,0,#N/A,#N/A,#N/A,#N/A,#N/A,0,#N/A,#N/A,#N/A,#N/A,#N/A,0,#N/A,#N/A,#N/A,#N/A,#N/A,0,#N/A,#N/A,#N/A,#N/A,#N/A
https://frauddetection.cacco.co.jp/media/knowhow/15337/,15337,不正検知・ノウハウ,ヒュンダイカードとは？招待制のthe Black Edition3についても解説,ヒュンダイカードとは,ヒュンダイカードとは,0,#N/A,#N/A,#N/A,#N/A,#N/A,0,1,1,100.00%,1,1,0,3,139,2.20%,4.1,4,0,#N/A,#N/A,#N/A,#N/A,#N/A
https://frauddetection.cacco.co.jp/media/?p=15505,15505,消費者向け,【注意】代理購入アルバイトには気を付けて！危険性や安全に利用する方法を解説,代理購入,代理購入,0,#N/A,#N/A,#N/A,#N/A,#N/A,0,#N/A,#N/A,#N/A,#N/A,#N/A,0,0,8,0.00%,9.8,9,0,0,3,0.00%,69.3,69
https://frauddetection.cacco.co.jp/media/fraud-access/15602/,15602,不正アクセス,不正アクセスが起こる仕組みを解説！原因や起こりうる被害、その対策なども紹介,不正アクセス　仕組み,不正アクセス仕組み,0,#N/A,#N/A,#N/A,#N/A,#N/A,0,#N/A,#N/A,#N/A,#N/A,#N/A,0,#N/A,#N/A,#N/A,#N/A,#N/A,0,#N/A,#N/A,#N/A,#N/A,#N/A
,不明,,,不明,不明,3,-,-,-,-,-,2,-,-,-,-,-,0,-,-,-,-,-,1,-,-,-,-,-
,右カラム,,,右カラム,右カラム,0,-,-,-,-,-,0,-,-,-,-,-,1,-,-,-,-,-,0,-,-,-,-,-
https://frauddetection.cacco.co.jp/media/3d/8398/,8398,3dセキュア,3dセキュアの登録方法を3ステップで紹介！カード会社別の解説ページ付き,３Dセキュア　登録方法,3dセキュア登録方法,0,"3,068","6,975",44.20%,1.3,1,0,"1,881","6,608",27.70%,1.3,1,0,"2,895","8,225",35.20%,1.6,1,1,"1,542","3,241",47.60%,1.1,1
https://frauddetection.cacco.co.jp/media/fraud-access/10265/,10265,不正アクセス,DMARCの設定方法を4手順で紹介！レコードの内容も解説,DMARC　設定,DMARC設定,1,"2,362","6,906",37.30%,1.6,1,0,612,"3,154",19.30%,2.8,2,2,264,584,45.20%,1.4,1,0,332,789,42.10%,1.3,1
https://frauddetection.cacco.co.jp/media/fraud-access/13210/,13210,不正アクセス,マッチングアプリ詐欺の主な5つの手口とは？被害事例や対策を紹介,マッチングアプリ　詐欺,マッチングアプリ詐欺,0,595,"1,725",34.40%,1,1,0,472,"1,523",31.60%,1,1,0,514,"1,906",27.00%,3,3,0,177,673,26.30%,1.1,1
https://frauddetection.cacco.co.jp/media/knowhow/10656/,10656,不正検知・ノウハウ,財布を落とした!?危険性と失くしてからすぐやるべきことを徹底解説,財布　落とした,財布落とした,0,483,"3,436",14.00%,2.9,2,0,414,"3,275",12.70%,2.9,2,0,427,"4,673",9.10%,5.3,5,0,159,"1,307",12.20%,2.9,2
https://frauddetection.cacco.co.jp/media/fraud-access/12742/,12742,不正アクセス,詐欺サイトの見分け方とは？7つのポイントと遭遇した場合の対処方法,詐欺サイト　見分け方,詐欺サイト見分け方,0,461,"1,545",29.90%,1,1,0,540,968,55.70%,1,1,0,444,"6,553",6.80%,6.6,6,0,175,335,52.20%,1,1
https://frauddetection.cacco.co.jp/media/knowhow/5079/,5079,不正検知・ノウハウ,無在庫転売とは？仕組みやメリット・デメリットを解説,無在庫転売,無在庫転売,0,365,"1,698",21.30%,1,1,0,320,"1,727",17.90%,1,1,0,368,"3,970",9.30%,7.4,7,0,113,727,15.50%,1,1
https://frauddetection.cacco.co.jp/media/chargeback/3370/,3370,チャージバック,泣き寝入りするしかない？チャージバックが発生した際の3つの対処法,チャージバック　泣き寝入り,チャージバック泣き寝入り,0,271,509,51.90%,1,1,0,197,428,44.20%,1,1,0,257,"4,509",5.70%,3.7,3,0,111,199,55.80%,1,1
https://frauddetection.cacco.co.jp/media/3d/9842/,9842,3dセキュア,3dセキュアの認証が失敗する4つの原因と3つの対処法,3dセキュア　失敗,3dセキュア失敗,0,220,390,52.20%,1,1,0,272,480,57.10%,1,1,1,345,598,57.70%,1.6,1,0,93,188,49.50%,1.1,1
https://frauddetection.cacco.co.jp/media/knowhow/10542/,10542,不正検知・ノウハウ,不正注文検知システム「O-PLUX」とは？機能や導入メリットなどを解説,O-PLUX,O-PLUX,0,195,352,50.30%,1,1,0,163,336,49.80%,1,1,0,202,586,34.50%,1,1,0,84,176,47.70%,1,1
https://frauddetection.cacco.co.jp/media/knowhow/3602/,3602,不正検知・ノウハウ,転売屋対策に効果のある13個の方法を紹介！転売が引き起こすリスクとは？,転売　対策,転売対策,0,162,608,25.10%,1,1,0,147,562,25.10%,1,1,1,152,430,35.40%,3.1,3,0,44,189,23.30%,1,1
https://frauddetection.cacco.co.jp/media/knowhow/11062/,11062,不正検知・ノウハウ,NFT転売で儲けたい人は要注意！6つのリスクをセキュリティ面と投資面から解説,NFT　転売,NFT転売,0,124,"2,456",3.50%,3.2,3,0,6,223,1.80%,3.7,3,0,7,81,8.60%,4.6,4,0,0,354,0.00%,9,8
https://frauddetection.cacco.co.jp/media/knowhow/8609/,8609,不正検知・ノウハウ,DMARCとは？仕組みやメリット・デメリット、設定方法を解説,DMARCとは,DMARCとは,0,119,"2,304",5.50%,5.5,5,0,78,"2,085",3.60%,6.3,6,0,51,91,56.00%,1,1,0,20,708,2.80%,6.9,6
https://frauddetection.cacco.co.jp/media/knowhow/89/,89,チャージバック|不正検知・ノウハウ|セキュリティ用語,チャージバックとは？原因と不正注文を防ぐ仕組み,チャージバック,チャージバック,0,95,"2,704",3.70%,8.5,8,0,89,"2,253",3.90%,6.6,6,0,97,963,10.10%,7.5,7,0,22,646,3.40%,10.2,10
https://frauddetection.cacco.co.jp/media/knowhow/9473/,9473,不正検知・ノウハウ,【2024年最新】フィッシング詐欺の事例8選！対策と被害に遭った時の対処法も解説,フィッシング詐欺　事例,フィッシング詐欺事例,0,84,412,19.10%,3.1,3,0,40,327,10.50%,4,4,0,48,"1,021",4.70%,3.7,3,0,21,107,19.60%,3.1,3
https://frauddetection.cacco.co.jp/media/knowhow/9636/,9636,不正検知・ノウハウ,せどりが違法になる5つのケースとは？転売との違いや事業者とトラブルになる例を解説,せどり　違法,せどり違法,0,82,525,14.90%,1,1,1,69,458,14.80%,1.2,1,0,90,"1,996",4.50%,7.1,7,0,32,191,16.80%,2.8,2
https://frauddetection.cacco.co.jp/media/fraud-access/4446/,4446,不正アクセス,不正アクセス禁止法とは？5つの事件例や不正アクセスへの対処法と対策,不正アクセス禁止法,不正アクセス禁止法,0,76,"1,003",5.50%,19.7,19,0,23,"2,395",1.90%,13,13,0,4,34,11.80%,3.5,3,0,1,"1,561",0.10%,10.9,10
https://frauddetection.cacco.co.jp/media/knowhow/7497/,7497,不正検知・ノウハウ,オーソリ確保後に返金される6つのケースや返金されない場合に取るべき対応を紹介,オーソリ　返金,オーソリ返金,0,61,226,25.90%,1.2,1,0,36,206,17.90%,1.7,1,0,57,272,21.00%,1,1,0,19,92,20.70%,2.3,2
https://frauddetection.cacco.co.jp/media/securityterms/4766/,4766,セキュリティ用語,フィッシング詐欺とは？手口とそれぞれの見分け方、対策を紹介,フィッシング詐欺とは,フィッシング詐欺とは,0,50,"9,550",0.60%,7.7,7,0,31,"7,205",0.50%,7.8,7,0,40,921,4.30%,5.6,5,0,1,"1,722",0.10%,9.9,9
https://frauddetection.cacco.co.jp/media/fraud-access/4184/,4184,不正アクセス,ダークウェブとは？仕組みから被害対策まで徹底解説,ダークウェブ,ダークウェブ,0,45,"22,201",0.10%,10.9,10,0,37,"19,442",0.10%,10,10,0,32,"1,140",35.90%,35.7,35,0,6,"7,131",0.10%,5.6,5
https://frauddetection.cacco.co.jp/media/news/947/,947,ニュース・業界動向,チケット不正転売容疑で都職員を逮捕。3200枚の不正転売により5000万円の売上,チケット転売 逮捕事例,チケット転売逮捕事例,0,45,118,42.70%,1,1,0,87,211,44.80%,1,1,0,65,104,62.50%,1,1,0,18,50,36.00%,1,1
https://frauddetection.cacco.co.jp/media/securityterms/1118/,1118,セキュリティ用語,クレジットカード業界におけるオンアス取引とオフアス取引の違いは何か？,オンアス取引,オンアス取引,0,43,254,13.70%,2,2,0,30,247,11.70%,2,2,0,30,40,75.00%,1,1,0,14,93,15.10%,2,2
https://frauddetection.cacco.co.jp/media/knowhow/11612/,11612,不正検知・ノウハウ,「フィッシングに対する保護を強化しましょう」は正式通知！保護強化の手順も解説,フィッシングに対する保護を強化しましょう,フィッシングに対する保護を強化しましょう,0,42,80,56.80%,1,1,0,24,54,48.70%,1,1,0,28,36,77.80%,1,1,0,20,30,66.70%,1,1
https://frauddetection.cacco.co.jp/media/chargeback/3394/,3394,チャージバック,Shopifyでチャージバックを処理する3つの方法！悪質な申請を防ぐ対策も解説,Shopify　チャージバック,Shopifyチャージバック,1,37,144,32.10%,3.2,3,0,37,141,26.80%,3.2,3,0,33,105,31.40%,3,3,0,10,60,16.70%,3.3,3
https://frauddetection.cacco.co.jp/media/securityterms/4735/,4735,不正アクセス|セキュリティ用語,なりすましメールとは？仕組みや見分け方、7つの対策まで徹底解説,なりすましメール,なりすましメール,0,35,"2,234",1.50%,9,9,0,22,"2,533",1.20%,11.8,11,0,12,118,10.20%,4.2,4,0,8,991,0.80%,11.9,11
https://frauddetection.cacco.co.jp/media/3d/1722/,1722,3dセキュア,3dセキュアの仕組みを理解しよう。3dセキュア2.0の仕組み・効果も解説,3dセキュア 仕組み,3dセキュア仕組み,0,35,57,65.00%,1,1,0,46,73,64.80%,1,1,0,50,382,13.10%,2.5,2,0,24,35,68.60%,1,1
https://frauddetection.cacco.co.jp/media/securityterms/5640/,5640,セキュリティ用語,フィッシングメールとは？実例や見分け方、対処法について解説,フィッシングメールとは,フィッシングメールとは,0,32,"2,277",1.50%,4.3,4,0,24,"1,114",2.10%,4,4,0,50,632,7.90%,3.2,3,0,13,619,2.10%,4.4,4
https://frauddetection.cacco.co.jp/media/fraud-access/2780/,2780,不正アクセス,不正アクセスを防ぐ9つの対策とは？不正手口や4つの対処法も解説,不正アクセス　対策,不正アクセス対策,0,31,"1,178",2.40%,6.4,6,0,21,"1,021",1.80%,6.5,6,0,15,28,53.60%,1,1,0,4,401,1.00%,9.1,9
https://frauddetection.cacco.co.jp/media/knowhow/5847/,5847,EC構築・ノウハウ|不正検知・ノウハウ,【詐欺】偽ECサイトに注意！公式サイトとの見分け方と自社サイトのなりすまし対策,ECサイト 詐欺,ECサイト詐欺,0,30,75,43.10%,1.1,1,0,13,45,36.40%,1.3,1,0,12,55,21.80%,1,1,0,3,13,23.10%,1.2,1
https://frauddetection.cacco.co.jp/media/knowhow/12291/,12291,不正検知・ノウハウ,LINEを使ったフィッシング詐欺に要注意！6つの事例と対策を紹介,LINE　フィッシング,LINEフィッシング,0,28,59,49.00%,1.1,1,0,25,50,55.70%,1,1,0,24,82,29.30%,1,1,0,8,26,30.80%,1,1
https://frauddetection.cacco.co.jp/media/fraud-access/12103/,12103,不正アクセス,スキミングとは？主な手口や5つの対策、対処法などを徹底解説,スキミングとは,スキミングとは,0,26,"11,354",0.20%,10.1,10,0,32,"9,503",0.30%,9.1,9,0,50,98,55.00%,10.1,10,0,19,"4,927",0.40%,7.5,7
https://frauddetection.cacco.co.jp/media/news/3522/,3522,不正アクセス|ニュース・業界動向,【2024年最新】個人情報漏洩事件・被害事例まとめ,個人情報漏洩　事例,個人情報漏洩事例,0,26,701,4.10%,7.8,7,1,19,714,2.70%,8.1,8,0,19,"3,476",0.60%,9.7,9,0,9,360,2.50%,9.4,9
https://frauddetection.cacco.co.jp/media/knowhow/3514/,3514,不正検知・ノウハウ,クレジットカードが不正利用されたら？すぐに確認する方法やカード情報を守る対策,クレジットカード 不正利用,クレジットカード不正利用,0,25,"1,074",2.40%,30.9,30,0,18,950,1.80%,37.7,37,0,6,287,2.10%,6.4,6,0,12,431,2.80%,36.2,36
https://frauddetection.cacco.co.jp/media/knowhow/15318/,15318,不正検知・ノウハウ,クレジットカードの不正利用は逮捕される？適用される罪状や対策を解説,クレジットカード　不正利用,クレジットカード不正利用,0,25,"1,074",2.40%,30.9,30,0,18,950,1.80%,37.7,37,0,6,287,2.10%,6.4,6,0,12,431,2.80%,36.2,36
https://frauddetection.cacco.co.jp/media/knowhow/10986/,10986,不正検知・ノウハウ,定期購入の受取拒否や無視は可能？トラブルを避ける方法や対処法を解説,定期購入　受け取り拒否,定期購入受け取り拒否,0,24,108,28.40%,1,1,0,57,143,40.50%,1,1,0,78,311,25.10%,2.6,2,0,19,50,38.00%,1,1
https://frauddetection.cacco.co.jp/media/knowhow/1878/,1878,不正検知・ノウハウ,転売問題の現状は？様々な転売対策を事例と共に解説,転売問題　現状,転売問題,0,24,97,29.80%,2.3,2,0,16,56,30.10%,2.4,2,1,8,102,7.80%,1,1,0,3,9,33.30%,3,3
https://frauddetection.cacco.co.jp/media/news/14187/,14187,ニュース・業界動向,プレ値とは？プレ値がつきやすい商品やフリマアプリで購入する時に気を付けることを紹介,プレ値とは,プレ値とは,0,23,"3,362",0.70%,5.2,5,0,35,"2,103",1.70%,1.8,1,0,43,620,6.90%,8.4,8,0,27,"1,624",1.70%,2.3,2
https://frauddetection.cacco.co.jp/media/knowhow/408/,408,不正検知・ノウハウ,代引受取拒否によりEC事業者に発生するリスクと対策,代引き 受け取り拒否,代引き受け取り拒否,0,23,528,4.70%,7,7,0,8,233,2.90%,6.9,6,0,21,30,70.00%,1,1,0,6,93,6.50%,8.3,8
https://frauddetection.cacco.co.jp/media/ec/8904/,8904,EC構築・ノウハウ,大手ECサイトAmazonの特徴は？メリット・デメリットや始め方を解説,Amazon　特徴,Amazon特徴,0,21,288,6.10%,3,3,0,16,221,6.00%,2.2,2,0,13,107,12.20%,4.5,4,0,7,89,7.90%,2.2,2
https://frauddetection.cacco.co.jp/media/knowhow/6437/,6437,不正検知・ノウハウ,【最新】迷惑メールの6つの種類と正規との見分け方を解説,迷惑メール 見分け方,迷惑メール見分け方,0,21,62,43.00%,1,1,0,44,83,58.40%,1,1,0,68,200,34.00%,3.3,3,0,27,44,61.40%,1,1
https://frauddetection.cacco.co.jp/media/ec/12097/,12097,EC構築・ノウハウ,ツケ払い（後払い）とは？3つの導入メリット・課題と解決策を解説,ツケ払いとは,ツケ払いとは,0,19,"4,457",0.20%,6.9,6,0,14,"3,594",0.20%,6.3,6,0,15,56,63.40%,4.9,4,0,3,"1,491",0.20%,5.9,5
https://frauddetection.cacco.co.jp/media/chargeback/1733/,1733,チャージバック,チャージバックとは？不正利用の現状や不正を防ぐ対策を解説,チャージバックとは,チャージバックとは,0,19,"1,788",1.00%,9.8,9,0,24,"1,001",2.50%,9.1,9,0,27,54,50.00%,1.1,1,0,4,348,1.10%,10.1,10
https://frauddetection.cacco.co.jp/media/knowhow/10136/,10136,不正検知・ノウハウ,身に覚えのない課金は返金可能！子供が勝手に課金するのを防ぐ方法や不正利用への対処法,身に覚えのない課金,身に覚えのない課金,0,19,84,22.90%,1,1,0,13,60,28.50%,1,1,0,20,169,11.80%,3.3,3,0,9,26,34.60%,1,1
https://frauddetection.cacco.co.jp/media/knowhow/9469/,9469,不正検知・ノウハウ,フィッシングサイトにはテイクダウンを！3つの方法と企業に求められる対策,フィッシングサイト　テイクダウン,フィッシングサイトテイクダウン,0,18,130,11.50%,1,1,0,17,122,11.10%,1,1,0,18,109,16.50%,3.1,3,0,9,47,19.10%,1,1
https://frauddetection.cacco.co.jp/media/knowhow/12442/,12442,不正検知・ノウハウ,SNSのなりすましは罪になる？なりすまし行為をしてはいけない理由や逮捕事例を紹介,SNS　なりすまし,SNSなりすまし,0,17,419,3.60%,3.9,3,0,11,367,3.00%,4.3,4,0,11,31,35.50%,2.1,2,0,6,168,3.60%,3.8,3
https://frauddetection.cacco.co.jp/media/fraud-access/4753/,4753,不正アクセス,なりすましとは？定義や4つの手口、5つの事例、対策方法を解説,なりすましとは,なりすましとは,0,16,"1,233",1.20%,5.4,5,0,16,"1,038",1.70%,4.9,4,0,28,213,13.20%,1.3,1,0,9,758,1.20%,2,2
https://frauddetection.cacco.co.jp/media/knowhow/9525/,9525,不正検知・ノウハウ,スミッシングとは？主な3つの目的や手口、対策をまとめて解説,スミッシングとは,スミッシングとは,0,15,"1,712",1.40%,5.7,5,0,10,"1,025",0.80%,5.1,5,0,6,134,4.50%,3.4,3,0,15,"2,344",0.60%,6,6
https://frauddetection.cacco.co.jp/media/knowhow/4553/,4553,不正検知・ノウハウ,ディズニーチケットの譲渡や転売は禁止！行けなくなったときの対処法やチケット購入方法を紹介,ディズニーチケット　転売,ディズニーチケット転売,0,15,139,11.30%,4.7,4,0,21,298,7.30%,5.1,5,0,62,829,7.50%,5.7,5,0,3,77,3.90%,6.1,6
https://frauddetection.cacco.co.jp/media/fraud-access/4244/,4244,不正アクセス,キャッシュレス決済で不正利用された例4つ！手口の詳細や対策も解説,キャッシュレス決済　不正利用,キャッシュレス決済不正利用,0,15,31,50.00%,1,1,0,3,9,43.80%,1,1,0,3,43,7.00%,2.9,2,0,1,1,100.00%,1,1
https://frauddetection.cacco.co.jp/media/knowhow/11846/,11846,不正検知・ノウハウ,無断キャンセルをしてしまったら？予約時間に行けない理由や法的処分回避するための工夫,無断キャンセル,無断キャンセル,0,14,"1,282",1.00%,4.1,4,0,30,"1,285",2.40%,3.5,3,0,30,268,11.20%,1,1,0,12,485,2.50%,2.7,2
https://frauddetection.cacco.co.jp/media/knowhow/11121/,11121,不正アクセス|不正検知・ノウハウ,不正受給とは？発生する3つの理由や対処法・被害を防ぐ対策,不正受給とは,不正受給とは,0,13,683,1.80%,4.9,4,0,17,640,2.90%,4.7,4,0,15,73,20.60%,2.8,2,0,3,281,1.10%,4.9,4
https://frauddetection.cacco.co.jp/media/news/1708/,1708,ニュース・業界動向,スパム攻撃対策「リキャプチャ（reCAPTCHA）」とは。メリット・デメリットをご紹介,リキャプチャとは,リキャプチャとは,0,13,264,4.40%,4,4,0,11,295,4.40%,4.4,4,0,11,32,34.40%,2.5,2,0,3,362,0.80%,5.5,5
https://frauddetection.cacco.co.jp/media/securityterms/5702/,5702,セキュリティ用語,フィッシングサイトとは？見分け方や被害事例、情報流出を守る方法も解説,フィッシングサイトとは,フィッシングサイトとは,0,12,665,1.60%,4.2,4,0,9,550,1.80%,4.2,4,0,9,11,81.80%,1,1,0,10,621,1.60%,3,2
https://frauddetection.cacco.co.jp/media/chargeback/6570/,6570,チャージバック,チャージバックの反証とは？成立するケースや必要な資料と申請時の注意点を解説,チャージバック　反証,チャージバック反証,0,12,85,11.60%,3.2,3,0,11,87,8.50%,1.5,1,0,17,38,44.70%,1.1,1,0,6,39,15.40%,1,1
https://frauddetection.cacco.co.jp/media/knowhow/2908/,2908,不正アクセス|不正検知・ノウハウ,消費者向け11の不正ログイン対策と事業者の防止策,不正ログイン対策,不正ログイン対策,0,11,207,4.60%,2.4,2,0,3,198,1.10%,2.8,2,0,3,14,21.40%,9.2,9,0,1,113,0.90%,3.9,3
https://frauddetection.cacco.co.jp/media/fraud-access/3878/,3878,不正アクセス,【即解決】Netflixの乗っ取り・不正アクセス被害を防ぐ方法,Netflix 不正アクセス,Netflix不正アクセス,0,11,113,12.10%,3.8,3,0,3,14,28.30%,3.9,3,0,1,1,100.00%,25,25,0,0,2,0.00%,5,5
https://frauddetection.cacco.co.jp/media/fraud-access/2014/,2014,不正アクセス,不正ログインとは？考えられる被害やリスク、手口。個人やサービス提供者ができる対策方法について,不正ログインとは,不正ログインとは,0,11,69,18.20%,2.1,2,0,9,76,14.80%,2.2,2,0,8,68,11.80%,3.6,3,0,1,41,2.40%,2.8,2
https://frauddetection.cacco.co.jp/media/news/9862/,9862,ニュース・業界動向,1円オーソリとは？仕組みを悪用した巧妙な不正事例も紹介,1円オーソリとは,1円オーソリとは,0,11,37,36.10%,2.2,2,0,7,14,60.40%,2.3,2,0,10,165,6.10%,3.8,3,0,3,23,13.00%,2.1,2
https://frauddetection.cacco.co.jp/media/3d/3204/,3204,3dセキュア,3dセキュア2.0（EMV 3dセキュア）とは？1.0との違いや目玉機能「リスクベース認証」も解説,3dセキュア2.0,3dセキュア2.0,0,10,953,0.90%,13.5,13,0,20,"1,373",1.30%,13.8,13,0,3,10,42.90%,98.9,98,0,3,183,1.60%,21.7,21
https://frauddetection.cacco.co.jp/media/fraud-access/3205/,3205,不正アクセス,個人情報漏洩時の3つの罰則規定を詳しく解説｜企業の漏洩リスクや対策も紹介,個人情報漏洩　罰則,個人情報漏洩罰則,0,10,736,1.20%,8.6,8,0,3,588,0.30%,9.6,9,0,7,105,6.70%,3.7,3,0,1,98,1.00%,8.5,8
https://frauddetection.cacco.co.jp/media/securityterms/5537/,5537,不正アクセス|セキュリティ用語,リスト型攻撃とは？攻撃を受けた場合の被害の例や対策を解説！,リスト型攻撃とは,リスト型攻撃とは,0,10,103,10.70%,2.7,2,0,5,62,11.80%,2.9,2,0,4,425,0.90%,8.5,8,0,0,14,0.00%,2.9,2
https://frauddetection.cacco.co.jp/media/securityterms/7495/,7495,セキュリティ用語,決済とは？代表的な種類や選び方、決裁との違いなどを解説,決済とは,決済とは,0,9,"6,913",0.10%,12.2,12,0,11,"6,011",0.20%,11.5,11,0,6,74,8.10%,7.1,7,0,1,"2,208",0.00%,11,10
https://frauddetection.cacco.co.jp/media/fraud-access/5393/,5393,不正アクセス,ハッキングとは？被害の例や手口、おすすめの対策4つをやさしく解説,ハッキングとは,ハッキングとは,0,9,"4,667",0.40%,12,12,0,0,"1,647",0.00%,13.1,13,0,3,79,3.80%,10.6,10,0,0,207,0.00%,17.9,17
https://frauddetection.cacco.co.jp/media/knowhow/1696/,1696,不正アクセス|不正検知・ノウハウ,なぜ個人情報漏洩は起こる？最新の流出原因TOP4と被害事例,情報漏洩　原因,情報漏洩原因,0,9,"1,111",0.80%,4.8,4,0,11,"1,125",0.80%,4.7,4,0,6,35,17.10%,3.9,3,0,1,466,0.20%,7.7,7
https://frauddetection.cacco.co.jp/media/knowhow/5696/,5696,不正検知・ノウハウ,クレジットマスターを防ぐための4つの対策！EC事業者が受ける被害なども解説,クレジットマスター　対策,クレジットマスター対策,0,9,61,16.60%,3.6,3,0,5,34,22.60%,2,2,0,6,8,75.00%,1.6,1,0,17,41,41.50%,2,1
https://frauddetection.cacco.co.jp/media/fraud-access/9951/,9951,不正アクセス,ChatGPTを使った不正利用とは？4つの事例や被害を防ぐ対策を紹介,ChatGPT　不正利用,ChatGPT不正利用,0,8,99,6.20%,1,1,0,4,85,4.00%,1,1,0,1,1,100.00%,39,39,0,3,34,8.80%,1,1
https://frauddetection.cacco.co.jp/media/chargeback/5233/,5233,チャージバック,SuicaやPayPayなどの電子マネーの不正利用を防ぐ方法は？,電子マネー　不正利用,電子マネー不正利用,0,8,21,52.50%,1,1,0,4,10,50.00%,1,1,0,4,98,4.10%,9.3,9,0,4,7,57.10%,1,1
https://frauddetection.cacco.co.jp/media/securityterms/1249/,1249,セキュリティ用語,増加するオンラインスキミングとは？その手口と被害をまとめました,オンラインスキミング,オンラインスキミング,0,8,17,50.00%,1,1,0,10,26,44.20%,1.1,1,0,11,13,84.60%,1.2,1,0,4,9,44.40%,1,1
https://frauddetection.cacco.co.jp/media/3d/677/,677,3dセキュア,3dセキュアとは？普及率と効果が見込める不正利用対策・不正検知を解説,3dセキュアとは,3dセキュアとは,0,7,274,1.90%,26.9,26,0,15,263,4.30%,29.6,29,0,9,55,24.30%,11.2,11,0,4,149,2.70%,21.9,21
https://frauddetection.cacco.co.jp/media/3d/1712/,1712,3dセキュア,3dセキュアとは？メリットや利用方法を解説,3dセキュアとは,3dセキュアとは,0,7,274,1.90%,26.9,26,0,15,263,4.30%,29.6,29,0,9,55,24.30%,11.2,11,0,4,149,2.70%,21.9,21
https://frauddetection.cacco.co.jp/media/knowhow/183/,183,不正検知・ノウハウ,なぜECサイトで不正注文が起こるの？手口とEC事業者が受けるリスク、対策について解説,ECサイト　不正注文,ECサイト不正注文,0,7,36,31.80%,2.5,2,0,3,10,50.00%,2,2,0,7,89,7.90%,7.2,7,0,2,3,66.70%,2,2
https://frauddetection.cacco.co.jp/media/3d/1731/,1731,3dセキュア,3dセキュアを利用する必要性とは？合わせて導入したいセキュリティもご紹介,3dセキュア 必要性,3dセキュア必要性,0,7,14,61.10%,1.2,1,0,6,7,93.30%,1,1,0,2,67,3.00%,9.6,9,0,#N/A,#N/A,#N/A,#N/A,#N/A
https://frauddetection.cacco.co.jp/media/knowhow/5164/,5164,不正検知・ノウハウ,無在庫転売は違法になる？放置するデメリットや予防法を紹介,無在庫転売　違法,無在庫転売違法,0,6,294,1.90%,1.9,1,0,10,243,4.10%,1.8,1,0,5,221,2.30%,6.1,6,0,1,147,0.70%,2.1,2
https://frauddetection.cacco.co.jp/media/knowhow/14510/,14510,不正検知・ノウハウ,クレジットカードの不正利用で返金してもらう4手順！原因・対策まで総まとめ,クレジットカード　不正利用　返金,クレジットカード不正利用返金,0,6,57,13.70%,15.1,15,0,3,42,7.10%,8.6,8,0,12,60,20.00%,3,3,0,8,176,4.50%,3.8,3
https://frauddetection.cacco.co.jp/media/news/2314/,2314,不正アクセス|ニュース・業界動向,SBI証券で発生した不正アクセスの手口を解説,SBI証券　不正アクセス,SBI証券不正アクセス,0,6,34,26.90%,5.6,5,0,3,29,10.90%,5.6,5,0,3,52,5.80%,1,1,0,3,15,20.00%,4.9,4
https://frauddetection.cacco.co.jp/media/knowhow/10687/,10687,不正検知・ノウハウ,フリーWi-Fiを使うと情報漏洩する？4つの危険性と外出先で安全にインターネットを使う方法,フリーWifi　情報漏洩,フリーWifi情報漏洩,0,6,17,52.10%,1.7,1,0,7,11,75.00%,1,1,0,11,36,30.60%,1.4,1,0,2,7,28.60%,1,1
https://frauddetection.cacco.co.jp/media/news/1044/,1044,ニュース・業界動向,2020最新！ECサイトにおける2019年のクレジットカード情報流出件数は約34万件に,クレジットカード 不正利用被害額,クレジットカード不正利用被害額,0,6,8,80.00%,1.7,1,0,2,10,33.30%,2.9,2,0,2,3,66.70%,2.3,2,0,2,15,13.30%,4.8,4
https://frauddetection.cacco.co.jp/media/securityterms/2892/,2892,セキュリティ用語,サイバー攻撃とは？26種類の手口と事例、対策を徹底紹介,サイバー攻撃　種類,サイバー攻撃種類,0,5,813,0.60%,12.8,12,0,1,726,0.10%,14.6,14,0,1,1,100.00%,1,1,0,1,195,0.50%,15.7,15
https://frauddetection.cacco.co.jp/media/knowhow/10179/,10179,不正検知・ノウハウ,個人情報が流出するとどうなる？被害事例や罰則・対応方法などを解説,個人情報　流出,個人情報流出,0,5,573,0.80%,14.9,14,1,11,748,1.60%,14.2,14,0,10,313,3.20%,4.4,4,0,0,51,0.00%,36.3,36
https://frauddetection.cacco.co.jp/media/fraud-access/6173/,6173,不正アクセス,運営サイトを悪質なハッキングから守るには？事例と対策を徹底解説,ハッキング　対策,ハッキング対策,0,5,162,3.80%,8.8,8,0,1,109,0.60%,9.5,9,0,2,33,6.10%,24.7,24,0,1,19,5.30%,10,10
https://frauddetection.cacco.co.jp/media/ec/7750/,7750,EC構築・ノウハウ,【AmazonSEO】Amazonで売上を増やす・商品を検索で上位化させる方法を徹底解説,Amazon SEO,AmazonSEO,0,5,37,16.50%,4.8,4,0,0,23,0.00%,4.9,4,0,0,2,0.00%,35,35,0,1,14,7.10%,3.8,3
https://frauddetection.cacco.co.jp/media/knowhow/13808/,13808,不正検知・ノウハウ,キャッシュレス決済って安全？利用するメリット・デメリットとは,キャッシュレス　安全性,キャッシュレス安全性,0,5,31,13.90%,2.6,2,0,2,2,100.00%,3,3,0,2,99,2.00%,5.5,5,0,0,2,0.00%,3,3
https://frauddetection.cacco.co.jp/media/knowhow/212/,212,3dセキュア|不正検知・ノウハウ,3dセキュア導入のメリットとデメリット。クレジットカード決済を利用する場合は自社にあった不正利用対策を,3dセキュア メリット,3dセキュアメリットデメリット,0,5,14,54.80%,1,1,0,7,12,69.00%,1.9,1,0,6,51,11.80%,4.1,4,0,1,1,100.00%,1,1
https://frauddetection.cacco.co.jp/media/fraud-access/7871/,7871,不正アクセス,迷惑メールで個人情報が流出する？間違えて開いた・返信してしまった時の方法,迷惑メール 個人情報,迷惑メール個人情報,0,5,10,63.90%,1.3,1,0,1,7,20.00%,1,1,0,6,176,3.40%,3.6,3,0,3,8,37.50%,1,1
https://frauddetection.cacco.co.jp/media/securityterms/7491/,7491,セキュリティ用語,オンライン決済とは？代表的な8つの種類やメリット・デメリットを解説,オンライン決済とは,オンライン決済とは,0,4,565,0.80%,11.4,11,0,3,"1,043",0.60%,11.4,11,0,0,5,0.00%,97.6,97,0,1,103,1.00%,14.2,14
https://frauddetection.cacco.co.jp/media/compliance/3783/,3783,コンプライアンス,コンプライアンスチェックとは？必要な理由や5つの具体的方法も紹介,コンプライアンスチェック,コンプライアンスチェック,1,4,512,0.90%,7.4,7,0,5,555,1.10%,8.4,8,0,3,22,13.60%,16.4,16,0,4,242,1.70%,8,7
https://frauddetection.cacco.co.jp/media/knowhow/6124/,6124,不正検知・ノウハウ,Webサイトが改ざんされた？不正の手口から見る9つの対策を解説,Webサイト　改ざん,Webサイト改ざん,0,4,489,0.60%,6.5,6,1,3,265,0.60%,6.8,6,0,1,13,7.70%,8.8,8,1,1,177,0.60%,6,5
https://frauddetection.cacco.co.jp/media/fraud-access/8824/,8824,不正アクセス,クレジットカードを紛失した時の対応と3手順,クレジットカード　紛失,クレジットカード紛失,0,4,264,0.70%,25.3,25,0,1,8,8.30%,34,34,0,2,4,50.00%,2.3,2,0,0,106,0.00%,23.2,23
https://frauddetection.cacco.co.jp/media/knowhow/9004/,9004,不正検知・ノウハウ|データ＆レポート|ニュース・業界動向,クレジットカード・セキュリティガイドライン【4.0版】のポイントを解説,クレジットカード・セキュリティガイドライン,クレジットカード・セキュリティガイドライン,0,4,193,2.10%,7.2,7,0,1,182,0.50%,6.9,6,0,4,103,3.90%,12,12,0,1,136,0.70%,7.7,7
https://frauddetection.cacco.co.jp/media/fraud-access/10088/,10088,不正アクセス,フィッシング攻撃とは？5つの手法やリスク、予防と対策まで徹底解説,フィッシング攻撃とは,フィッシング攻撃とは,0,4,143,2.00%,4.7,4,0,2,114,2.00%,4.7,4,0,10,99,10.10%,3.7,3,0,2,34,5.90%,4.8,4
https://frauddetection.cacco.co.jp/media/3d/8286/,8286,3dセキュア,3dセキュア導入で発生するカゴ落ちとは？離脱率が増加する原因や対策を解説,３Dセキュア　カゴ落ち,３Dセキュアカゴ落ち,0,4,76,3.70%,1,1,0,8,75,7.70%,1,1,0,7,9,77.80%,1,1,0,5,37,13.50%,1,1
https://frauddetection.cacco.co.jp/media/ec/13747/,13747,EC構築・ノウハウ,【事例に学ぶ】ECサイトからの情報漏洩3つの対処法と4つの対策,ECサイト　情報漏洩,ECサイト情報漏洩,1,4,37,13.90%,1,1,0,1,30,3.80%,1.8,1,0,0,9,0.00%,7.9,7,0,0,10,0.00%,2.8,2
https://frauddetection.cacco.co.jp/media/knowhow/356/,356,不正検知・ノウハウ,ネット通販（EC）における不正注文の原因や手口｜事業者ができる不正注文対策・不正検知とは？,ネット通販 不正注文,EC不正注文,0,4,33,14.40%,2,2,0,3,15,42.50%,2,2,0,3,68,4.40%,3.1,3,0,1,5,20.00%,2,2
https://frauddetection.cacco.co.jp/media/chargeback/7612/,7612,チャージバック,チャージバックの申請方法を解説！増加するチャージバックに悩むEC事業者へのアドバイスも,チャージバック　申請方法,チャージバック申請方法,0,4,16,35.40%,1,1,0,3,13,26.20%,1,1,0,1,5,20.00%,5.4,5,0,3,5,60.00%,1,1
https://frauddetection.cacco.co.jp/media/fraud-access/6446/,6446,不正アクセス,不正アクセスが発生した場合の報告先6つ！対処法や再発防止策も紹介,不正アクセス　報告,不正アクセス報告,0,4,12,42.90%,1.7,1,0,3,6,60.00%,1,1,0,3,21,14.30%,3.4,3,0,#N/A,#N/A,#N/A,#N/A,#N/A
https://frauddetection.cacco.co.jp/media/securityterms/1166/,1166,セキュリティ用語,クレジットカードのオーソリゼーション（オーソリ）とは？仕組みや目的を解説,オーソリとは,オーソリとは,0,3,"1,926",0.20%,10.7,10,0,1,411,0.50%,12,12,0,1,20,9.10%,13.1,13,0,0,513,0.00%,11.5,11
https://frauddetection.cacco.co.jp/media/knowhow/5484/,5484,不正検知・ノウハウ,個人情報漏洩保険で補償される費用とは？おすすめの保険5選も紹介,個人情報漏洩保険,個人情報漏洩保険,0,3,286,0.90%,9.2,9,0,2,213,2.20%,9.9,9,0,4,326,1.20%,4.3,4,0,2,163,1.20%,8.7,8
https://frauddetection.cacco.co.jp/media/securityterms/1114/,1114,セキュリティ用語,クレジット業界におけるイシュアとは何か？役割やアクワイアラとの違いについて解説,イシュアとは,イシュアとは,0,3,273,1.00%,4.2,4,0,3,307,0.90%,4,4,0,5,28,17.90%,3.2,3,0,1,172,0.60%,4,3
https://frauddetection.cacco.co.jp/media/3d/1717/,1717,3dセキュア,本人認証サービスとは？メリット・デメリットや利用方法を解説,本人認証サービスとは,本人認証サービスとは,0,3,255,1.10%,5.1,5,0,8,241,3.70%,7.3,7,0,7,143,4.90%,2.3,2,0,4,104,3.80%,8.2,8
https://frauddetection.cacco.co.jp/media/knowhow/12459/,12459,不正検知・ノウハウ|ニュース・業界動向,チケット転売は犯罪になる？転売によるトラブルや不正転売がバレて逮捕された事例を紹介,チケット　転売,チケット転売,0,3,167,1.40%,26.7,26,0,1,127,0.60%,37.5,37,0,2,7,28.60%,4.3,4,0,1,59,1.70%,29.9,29
https://frauddetection.cacco.co.jp/media/fraud-access/2025/,2025,不正アクセス,不正アクセスの手口とは？多様化する不正アクセスの発生状況や手口と検知対策も併せて解説,不正アクセス　手口,不正アクセス手口,0,3,122,1.70%,3.5,3,0,1,73,1.60%,4,4,0,3,67,4.50%,5.2,5,0,2,24,8.30%,2.5,2
https://frauddetection.cacco.co.jp/media/knowhow/3988/,3988,不正検知・ノウハウ,メルカリで勝手に出金された？最新のメルカリでの不正の事例と対策を紹介,メルカリ　不正,メルカリ不正,0,3,58,5.20%,3.7,3,0,3,31,10.30%,3.5,3,0,2,3,66.70%,2,2,0,0,5,0.00%,4.8,4
https://frauddetection.cacco.co.jp/media/news/12901/,12901,ニュース・業界動向,メルカリでの不正行為とは？禁止している出品物や行為、買ってはいけないものを紹介,メルカリ　不正,メルカリ不正,0,3,58,5.20%,3.7,3,0,3,31,10.30%,3.5,3,0,2,3,66.70%,2,2,0,0,5,0.00%,4.8,4
https://frauddetection.cacco.co.jp/media/knowhow/5189/,5189,不正検知・ノウハウ,キャリア決済の悪用を防ぐには？不正が発生する原因や対策、事例を紹介,キャリア決済　悪用,キャリア決済悪用,0,3,33,11.30%,1,1,0,7,24,29.40%,1,1,0,4,468,0.90%,10.1,10,0,3,8,37.50%,1,1
https://frauddetection.cacco.co.jp/media/knowhow/6841/,6841,不正検知・ノウハウ,クーポンの不正利用によるリスクとは？よくある手口や対策方法を解説,クーポン　不正利用,クーポン不正利用,0,3,30,16.70%,2.8,2,0,5,24,28.80%,3.3,3,0,1,1,100.00%,2,2,0,3,7,42.90%,2.7,2
https://frauddetection.cacco.co.jp/media/knowhow/6083/,6083,不正検知・ノウハウ,なりすまし・いたずら注文に効果のある5つの予防と対策,なりすまし注文 対策,なりすまし注文対策,0,3,9,40.00%,1,1,0,8,19,45.50%,1,1,0,7,51,13.70%,1.9,1,0,4,12,33.30%,1,1
https://frauddetection.cacco.co.jp/media/knowhow/10385/,10385,不正検知・ノウハウ,不正注文や本人確認・注文のキャンセルメールの送り方【例文付き】,不正注文　メール　例文,不正注文メール例文,0,3,5,77.80%,1,1,0,#N/A,#N/A,#N/A,#N/A,#N/A,0,#N/A,#N/A,#N/A,#N/A,#N/A,1,#N/A,#N/A,#N/A,#N/A,#N/A
https://frauddetection.cacco.co.jp/media/compliance/3805/,3805,コンプライアンス,反社チェックとは？必要な理由や対象、調査方法などをまとめて解説,反社チェック,反社チェック,0,2,754,0.20%,34,34,0,1,802,0.10%,20.6,20,0,1,11,9.10%,10.4,10,0,0,42,0.00%,64.6,64
https://frauddetection.cacco.co.jp/media/knowhow/12171/,12171,不正検知・ノウハウ,ビッシング（ボイスフィッシング）とは？手口や対策を徹底解説,ビッシングとは,ビッシングとは,0,2,362,0.30%,3.8,3,0,1,328,0.70%,3.5,3,0,3,180,1.70%,5.3,5,0,0,3,0.00%,3.7,3
https://frauddetection.cacco.co.jp/media/ec/11638/,11638,EC構築・ノウハウ,RFIDタグとは？メリットや導入例、QRコードとの違いを解説,RFIDタグとは,RFIDタグとは,0,2,257,0.50%,10.8,10,0,0,212,0.00%,10.9,10,0,1,10,10.00%,13.7,13,0,0,68,0.00%,11.1,11
https://frauddetection.cacco.co.jp/media/news/12919/,12919,ニュース・業界動向,BNPL(後払い決済)とクレジットカードの3つの違いとは？概要・仕組みまで徹底解説,BNPL　クレジットカード　違い,BNPLクレジットカード違い,0,2,222,0.40%,6.9,6,0,7,477,1.70%,6.9,6,0,2,15,13.30%,7.4,7,0,0,83,0.00%,5.3,5
https://frauddetection.cacco.co.jp/media/knowhow/363/,363,不正検知・ノウハウ,クレジットカードで不正注文をされないよう購入者ができる対策とチャージバックの仕組みについて,クレジットカード チャージバック,クレジットカードチャージバック,0,2,218,0.80%,13.7,13,0,1,169,0.30%,24.3,24,0,0,26,0.00%,5.1,5,0,2,96,2.10%,32.6,32
https://frauddetection.cacco.co.jp/media/chargeback/1741/,1741,チャージバック,クレジットカード決済とチャージバックの関係性,クレジットカード チャージバック,クレジットカードチャージバック,0,2,218,0.80%,13.7,13,0,1,169,0.30%,24.3,24,0,0,26,0.00%,5.1,5,0,2,96,2.10%,32.6,32
https://frauddetection.cacco.co.jp/media/fraud-access/4547/,4547,不正アクセス,不正アクセスとは？主な4つの手口と対策、被害事例を紹介,不正アクセスとは,不正アクセスとは,1,2,112,1.10%,7.7,7,1,4,779,0.50%,7.9,7,0,3,78,3.90%,6.9,6,0,4,364,1.10%,6.5,6
https://frauddetection.cacco.co.jp/media/ec/6459/,6459,EC構築・ノウハウ,クレジットカード情報の非保持化とは？必要な理由や対応方法を解説,クレジットカード　非保持化,クレジットカード非保持化,0,2,71,1.50%,5.3,5,0,0,60,0.00%,6.4,6,0,0,13,0.00%,26.4,26,0,0,25,0.00%,5.9,5
https://frauddetection.cacco.co.jp/media/knowhow/276/,276,不正検知・ノウハウ,【後払い未払い発生時の対策】督促手順や支払う意思がない購入者への対応について,後払い 未払い 対策,後払い未払い,0,2,66,3.30%,2.9,2,0,2,52,3.40%,3,3,0,0,2,0.00%,20,20,0,1,27,3.70%,2.3,2
https://frauddetection.cacco.co.jp/media/ec/15458/,15458,EC構築・ノウハウ,後払いの自社審査とは？自社で行うメリット・デメリットや向いているEC事業者の特徴などを紹介,後払い　自社審査,後払い自社審査,0,2,50,8.30%,7.5,7,0,0,24,0.00%,4.4,4,0,4,28,14.30%,2,2,0,1,19,5.30%,1.2,1
https://frauddetection.cacco.co.jp/media/knowhow/1359/,1359,不正検知・ノウハウ,AIを活用した不正検知が広がるメリットについて,AI 不正検知,AI不正検知,0,2,40,6.70%,3.5,3,0,1,29,2.30%,4.1,4,0,0,5,0.00%,4.2,4,0,1,17,5.90%,3.2,3
https://frauddetection.cacco.co.jp/media/knowhow/12218/,12218,不正検知・ノウハウ,【事業者向け】無断キャンセルの対応と対策は？損害を抑える方法も解説,無断キャンセル 対応,無断キャンセル対応,0,2,36,5.60%,6,6,0,0,49,0.00%,6.2,6,0,0,15,0.00%,13,13,0,0,29,0.00%,7.8,7
https://frauddetection.cacco.co.jp/media/fraud-access/5555/,5555,不正アクセス,不正アクセスにより企業が被る悪影響7つ！3つの対策も解説,不正アクセス　影響,不正アクセス影響,0,2,27,4.10%,3,3,0,3,21,10.70%,3,3,0,0,96,0.00%,53.5,53,0,0,18,0.00%,4.6,4
https://frauddetection.cacco.co.jp/media/fraud-access/6828/,6828,不正アクセス,SMS認証サービスの費用はいくら？コストを抑える方法も併せて解説！,SMS認証　費用,SMS認証費用,0,2,19,15.60%,2.4,2,0,4,22,25.00%,2.7,2,0,2,7,28.60%,6.3,6,0,1,8,12.50%,2.5,2
https://frauddetection.cacco.co.jp/media/data/3850/,3850,データ＆レポート|ニュース・業界動向,クレジットカードの不正利用はEC事業者負担！ECサイトの不正の傾向や現状【かっこ株式会社：記者説明会レポート】,クレジットカード　不正利用　負担,クレジットカード不正利用負担,0,2,5,50.00%,1.2,1,0,#N/A,#N/A,#N/A,#N/A,#N/A,0,#N/A,#N/A,#N/A,#N/A,#N/A,0,#N/A,#N/A,#N/A,#N/A,#N/A
https://frauddetection.cacco.co.jp/media/knowhow/9144/,9144,不正検知・ノウハウ,フィッシングとは？被害事例や対策、被害に遭った時の対処法まで徹底解説,フィッシングとは,フィッシングとは,0,1,"1,292",0.10%,11.8,11,0,1,413,0.30%,8.5,8,0,1,248,0.40%,66.2,66,0,0,586,0.00%,2.2,2
https://frauddetection.cacco.co.jp/media/fraud-access/7269/,7269,不正アクセス,情報漏洩とは？企業が具体的に取るべき対策を徹底解説,情報漏洩とは,情報漏洩とは,0,1,416,0.30%,16.3,16,0,2,314,0.60%,16.2,16,0,0,7,0.00%,8.7,8,0,0,77,0.00%,36.7,36
https://frauddetection.cacco.co.jp/media/knowhow/2264/,2264,不正検知・ノウハウ|データ＆レポート|ニュース・業界動向,クレジットカード・セキュリティガイドライン（実行計画の後継文書）について解説,クレジットカード　セキュリティガイドライン,クレジットカードセキュリティガイドライン,0,1,175,0.40%,7.3,7,0,1,81,0.80%,6.8,6,0,5,22,22.70%,3,3,0,6,109,5.50%,7.5,7
https://frauddetection.cacco.co.jp/media/knowhow/5623/,5623,不正検知・ノウハウ|データ＆レポート|ニュース・業界動向,クレジットカード・セキュリティガイドライン【3.0版】のポイントを解説,クレジットカード　セキュリティガイドライン,クレジットカードセキュリティガイドライン,0,1,175,0.40%,7.3,7,0,1,81,0.80%,6.8,6,0,5,22,22.70%,3,3,0,6,109,5.50%,7.5,7
https://frauddetection.cacco.co.jp/media/fraud-access/13241/,13241,不正アクセス,標的型攻撃メールへの6つの対策｜個人情報をサイバー攻撃から守る,標的型攻撃メール 対策,標的型攻撃メール対策,0,1,174,0.50%,29.4,29,0,1,155,0.70%,16.2,16,0,0,4,0.00%,11,11,0,0,31,0.00%,56.7,56
https://frauddetection.cacco.co.jp/media/ec/10033/,10033,EC構築・ノウハウ,ebisumartとは？導入すべき事業者やECプラットフォーム活用のメリットを解説,ebisumartとは,ebisumartとは,0,1,112,0.70%,9,9,0,1,150,0.30%,8.8,8,0,0,17,0.00%,7.6,7,0,0,8,0.00%,6.6,6
https://frauddetection.cacco.co.jp/media/knowhow/538/,538,不正検知・ノウハウ,令和元年6月14日から施行された「チケット不正転売禁止法」の内容とは,チケット不正転売禁止法,チケット不正転売禁止法,0,1,87,2.40%,24.5,24,0,2,65,2.40%,23.4,23,0,0,11,0.00%,5.5,5,0,0,11,0.00%,19.5,19
https://frauddetection.cacco.co.jp/media/?p=14042,14042,未分類,クレジットマスターとは？EC事業者に与えるリスクやそれを回避する対策などを紹介,クレジットマスターとは,クレジットマスターとは,0,1,79,0.70%,7.2,7,0,3,65,4.80%,7.3,7,0,0,9,0.00%,60.9,60,0,1,40,2.50%,6.7,6
https://frauddetection.cacco.co.jp/media/fraud-access/12801/,12801,不正アクセス,【見本あり】ネットショップの詐欺サイトとは？見分け方・被害を防ぐ対策,ネットショップ　詐欺サイト,ネットショップ詐欺サイト,0,1,51,1.60%,6.3,6,0,6,86,6.70%,4.6,4,0,6,22,27.30%,2,2,0,6,39,15.40%,3.1,3
https://frauddetection.cacco.co.jp/media/ec/7373/,7373,EC構築・ノウハウ,モール型ECとは？特徴からメリット・デメリットまでを一挙公開,モール型ECとは,モール型ECとは,0,1,46,0.50%,9,9,0,0,8,0.00%,9,9,0,1,7,14.30%,10.4,10,0,0,8,0.00%,8.6,8
https://frauddetection.cacco.co.jp/media/fraud-access/2668/,2668,不正アクセス,不正アクセスを防止する方法は？今すぐ対策を解説,不正アクセス　防止,不正アクセス防止,0,1,41,1.80%,4.3,4,0,1,87,1.30%,5.5,5,0,2,3,66.70%,2.7,2,0,1,24,4.20%,6,6
https://frauddetection.cacco.co.jp/media/?p=5129,5129,不正アクセス,U-NEXTの乗っ取り・不正アクセス対策｜公式よりも分かりやすく解説,U-NEXT 乗っ取り,U-NEXT乗っ取り,0,1,36,3.90%,3.9,3,0,1,19,12.50%,4.3,4,0,4,23,17.40%,1,1,0,5,22,22.70%,2.9,2
https://frauddetection.cacco.co.jp/media/fraud-access/3398/,3398,不正アクセス,不正アクセスの件数は実際どのくらい？総務省のデータを元に徹底解説,不正アクセス　件数,不正アクセス件数,0,1,13,16.70%,8.1,8,0,2,16,13.90%,5.6,5,0,0,7,0.00%,10.6,10,0,#N/A,#N/A,#N/A,#N/A,#N/A
https://frauddetection.cacco.co.jp/media/fraud-access/3107/,3107,不正アクセス,二要素認証とは？二段階認証との違いや活用事例、3つの要素を解説！,二要素認証とは,二要素認証とは,0,1,6,33.30%,42.6,42,0,0,133,0.00%,80.6,80,0,0,40,0.00%,7.8,7,0,0,55,0.00%,85.1,85
https://frauddetection.cacco.co.jp/media/fraud-access/5554/,5554,不正アクセス,個人情報が漏洩!?事後対応の9ステップ・4つの質問を具体例で解説,個人情報漏洩　事後対応,個人情報漏洩事後対応,0,1,4,25.00%,3.5,3,0,#N/A,#N/A,#N/A,#N/A,#N/A,0,#N/A,#N/A,#N/A,#N/A,#N/A,1,#N/A,#N/A,#N/A,#N/A,#N/A
https://frauddetection.cacco.co.jp/media/knowhow/3154/,3154,不正検知・ノウハウ,クレジットカードの不正利用・手口とその原因について徹底解説,クレジットカード　不正利用　手口,クレジットカード不正利用手口,0,1,3,50.00%,9,9,0,0,36,0.00%,13.2,13,0,1,7,14.30%,6.1,6,0,1,42,2.40%,10.7,10
https://frauddetection.cacco.co.jp/media/fraud-access/6926/,6926,不正アクセス,ポイントの不正を防ぐ対策とは？ユーザー視点・事業者視点に分けて解説,ポイント　不正,ポイント不正,0,1,3,50.00%,2.8,2,0,3,70,3.50%,3,3,0,1,11,9.10%,2.1,2,0,1,6,16.70%,5.3,5
https://frauddetection.cacco.co.jp/media/knowhow/13599/,13599,不正検知・ノウハウ,クレジットカードの不正利用7つの手口とは？それぞれの対策や補償について解説,クレジットカード　不正利用　手口,クレジットカード不正利用手口,0,1,3,50.00%,9,9,0,0,36,0.00%,13.2,13,0,1,7,14.30%,6.1,6,0,1,42,2.40%,10.7,10
https://frauddetection.cacco.co.jp/media/news/2071/,2071,ニュース・業界動向,「ドコモ口座」不正利用にみる問題点と対策について,ドコモ口座　不正利用,ドコモ口座不正利用,0,1,2,50.00%,6.5,6,0,#N/A,#N/A,#N/A,#N/A,#N/A,0,#N/A,#N/A,#N/A,#N/A,#N/A,0,#N/A,#N/A,#N/A,#N/A,#N/A
https://frauddetection.cacco.co.jp/media/news/1864/,1864,ニュース・業界動向,他者のクレジットカード情報で15万円の衣類を購入したとして男性を逮捕。第三者とクレジットカード情報を売買するやりとりも,クレジットカード　不正利用　逮捕,クレジットカード不正利用逮捕,0,1,1,100.00%,2,2,0,1,14,12.50%,28.2,28,0,46,341,13.50%,1.3,1,0,16,62,25.80%,2.8,2
https://frauddetection.cacco.co.jp/media/knowhow/9436/,9436,不正検知・ノウハウ,レピュテーションリスクの7つの種類とは？早めに検知して対策しよう,レピュテーションリスク,レピュテーションリスク,0,0,772,0.00%,24.6,24,0,0,29,0.00%,30.5,30,0,2,14,14.30%,2.9,2,0,0,29,0.00%,20.9,20
https://frauddetection.cacco.co.jp/media/securityterms/63/,63,セキュリティ用語,クレジットカードのセキュリティコードとは｜クレカの不正対策や注意点を解説,クレジットカード セキュリティコード,クレジットカードセキュリティコード,0,0,759,0.00%,67.5,67,0,0,69,0.00%,74.3,74,0,2,15,13.30%,3.9,3,0,0,13,0.00%,71.9,71
https://frauddetection.cacco.co.jp/media/knowhow/347/,347,不正検知・ノウハウ,初心者でも安心！クレジットカードの仕組みと注意点、メリットやデメリットを解説,クレジットカード 仕組み,クレジットカード仕組み,0,0,706,0.00%,45.2,45,0,0,608,0.00%,52.5,52,0,0,6,0.00%,15.7,15,0,0,283,0.00%,67.2,67
https://frauddetection.cacco.co.jp/media/ec/4486/,4486,EC構築・ノウハウ,出荷管理とは？ 必要な理由や効率化するための3つのポイントを解説,出荷管理,出荷管理,0,0,669,0.00%,10.2,10,0,0,501,0.00%,11,11,0,0,3,0.00%,2,2,0,2,153,1.30%,11.2,11
https://frauddetection.cacco.co.jp/media/securityterms/8248/,8248,セキュリティ用語,決済代行の選び方は？失敗しない9つのポイントを徹底解説,決済代行　選び方,決済代行選び方,0,0,535,0.00%,3.1,3,0,1,386,0.20%,2.3,2,0,3,30,10.00%,3.6,3,0,0,152,0.00%,1.4,1
https://frauddetection.cacco.co.jp/media/ec/4488/,4488,EC構築・ノウハウ,注文管理とは？システム導入のメリットや不正な注文を防ぐ方法を紹介,注文管理,注文管理,0,0,320,0.00%,10,10,0,0,271,0.00%,9.5,9,0,2,11,18.20%,1.5,1,0,0,169,0.00%,8.7,8
https://frauddetection.cacco.co.jp/media/securityterms/7486/,7486,セキュリティ用語,クレジットカード決済代行とは？利用するメリット・デメリットや選び方を解説,クレジットカード　決済代行,クレジットカード決済代行,0,0,310,0.00%,49.9,49,0,0,16,0.00%,59.8,59,0,0,5,0.00%,10.4,10,0,0,100,0.00%,60.8,60
https://frauddetection.cacco.co.jp/media/securityterms/13741/,13741,セキュリティ用語,サイバー攻撃とは？代表的な7つの種類と事例・対策など総まとめ,サイバー攻撃とは,サイバー攻撃とは,0,0,302,0.00%,79,79,0,0,93,0.00%,86.4,86,0,1,1,100.00%,12,12,0,0,108,0.00%,62.1,62
https://frauddetection.cacco.co.jp/media/securityterms/5420/,5420,セキュリティ用語,マルウェアとは？種類や侵入経路、感染した場合の復帰手順を紹介,マルウェアとは,マルウェアとは,0,0,279,0.00%,77.5,77,0,0,167,0.00%,78.2,78,0,0,13,0.00%,47.6,47,0,0,6,0.00%,88.8,88
https://frauddetection.cacco.co.jp/media/ec/9261/,9261,EC構築・ノウハウ,SBペイメントサービスとは？導入すべき事業者や決済代行サービス導入のメリットを解説,SBペイメントサービス,SBペイメントサービス,0,0,248,0.00%,53.1,53,0,0,35,0.00%,32.6,32,0,0,10,0.00%,5.3,5,0,0,94,0.00%,56.9,56
https://frauddetection.cacco.co.jp/media/knowhow/6283/,6283,不正検知・ノウハウ,標的型攻撃とは？特徴や被害事例からみるセキュリティ対策を解説,標的型攻撃,標的型攻撃,0,0,245,0.00%,65.2,65,0,0,458,0.00%,61.8,61,0,0,8,0.00%,9.4,9,0,#N/A,#N/A,#N/A,#N/A,#N/A
https://frauddetection.cacco.co.jp/media/securityterms/2917/,2917,不正アクセス|セキュリティ用語,eKYCとは？注目が集まる3つの理由や、メリット・デメリットを解説！,eKYCとは,eKYCとは,0,0,243,0.00%,78.4,78,0,0,72,0.00%,86,86,0,0,2,0.00%,17,17,0,0,47,0.00%,61.6,61
https://frauddetection.cacco.co.jp/media/fraud-access/6125/,6125,不正アクセス,SMS認証とは？導入方法やメリット、おすすめサービスなど全まとめ,SMS認証,SMS認証,0,0,229,0.00%,47.1,47,0,0,208,0.00%,51.6,51,0,0,13,0.00%,8.2,8,0,0,138,0.00%,69.1,69
https://frauddetection.cacco.co.jp/media/ec/4434/,4434,EC構築・ノウハウ,受注処理とは？流れやシステム導入のポイントなどを紹介！,受注処理,受注処理,0,0,214,0.00%,6.3,6,0,1,272,0.30%,6.3,6,0,1,1,100.00%,2,2,0,0,133,0.00%,7.2,7
https://frauddetection.cacco.co.jp/media/knowhow/1768/,1768,不正検知・ノウハウ,アクワイアラとは？EC・クレジットカード業界での主な役割を解説,アクワイアラとは,アクワイアラとは,0,0,201,0.00%,7.1,7,0,0,22,0.00%,5.9,5,0,0,2,0.00%,9,9,0,1,9,11.10%,6.7,6
https://frauddetection.cacco.co.jp/media/securityterms/7234/,7234,セキュリティ用語,決済代行とは？仕組みや利用する6つのメリットを解説,決済代行とは,決済代行とは,0,0,197,0.00%,25.5,25,0,0,159,0.00%,23.3,23,0,0,47,0.00%,8.8,8,0,0,64,0.00%,38.9,38
https://frauddetection.cacco.co.jp/media/securityterms/1328/,1328,セキュリティ用語,クリプトジャッキングとは？広まった背景や手口について紹介,クリプトジャッキング,クリプトジャッキング,0,0,184,0.00%,20.9,20,0,0,151,0.00%,20.8,20,0,0,4,0.00%,2,2,0,0,52,0.00%,27.9,27
https://frauddetection.cacco.co.jp/media/fraud-access/13074/,13074,不正アクセス,組織や企業を狙う標的型攻撃メールとは？被害事例や見分け方も解説,標的型攻撃メール,標的型攻撃メール,0,0,180,0.00%,66.7,66,0,0,152,0.00%,71.3,71,0,#N/A,#N/A,#N/A,#N/A,#N/A,0,0,4,0.00%,96.8,96
https://frauddetection.cacco.co.jp/media/knowhow/75/,75,不正検知・ノウハウ|セキュリティ用語,2016年改正、2018年施行の割賦販売法とは？「実行計画」の中身も解説,割賦販売法,割賦販売法,0,0,173,0.00%,54.8,54,0,0,151,0.00%,72.1,72,0,0,2,0.00%,18.5,18,0,0,59,0.00%,62.3,62
https://frauddetection.cacco.co.jp/media/news/1278/,1278,ニュース・業界動向,2020年に改正された割賦販売法の目的・5つのポイントを解説,割賦販売法,割賦販売法,0,0,173,0.00%,54.8,54,0,0,151,0.00%,72.1,72,0,0,2,0.00%,18.5,18,0,0,59,0.00%,62.3,62
https://frauddetection.cacco.co.jp/media/ec/7065/,7065,EC構築・ノウハウ,越境ECとは？海外展開をおすすめする5つの理由や出店の方法を解説,越境ECとは,越境ECとは,0,0,157,0.00%,43.5,43,0,0,126,0.00%,54.8,54,0,0,31,0.00%,22,22,0,0,106,0.00%,65.4,65
https://frauddetection.cacco.co.jp/media/ec/11351/,11351,EC構築・ノウハウ,後払い決済とは？仕組みや3つのメリット・デメリットを解説,後払い決済とは,後払い決済とは,0,0,151,0.00%,21.1,21,0,1,146,0.30%,21,21,0,0,2,0.00%,2,2,0,0,48,0.00%,22.1,22
https://frauddetection.cacco.co.jp/media/news/3414/,3414,ニュース・業界動向,BNPLとは？仕組みやメリット・デメリット、クレジットカードとの違いを解説,BNPLとは,BNPLとは,0,0,137,0.00%,11.9,11,0,5,566,1.10%,11,11,0,0,4,0.00%,4.5,4,0,0,2,0.00%,9,9
https://frauddetection.cacco.co.jp/media/news/4236/,4236,ニュース・業界動向,NFTとは？定義や活用事例、よくある疑問などを解説！,NFTとは,NFTとは,0,0,137,0.00%,175,175,0,0,104,0.00%,180.5,180,0,0,5,0.00%,87.6,87,0,0,27,0.00%,188,188
https://frauddetection.cacco.co.jp/media/fraud-access/10200/,10200,不正アクセス|コンプライアンス,内部不正とは？2つの要因や重大事例、具体的な対策など徹底解説,内部不正とは,内部不正とは,0,0,136,0.00%,7.2,7,0,3,163,3.30%,7.8,7,0,2,184,1.10%,7.1,7,0,0,9,0.00%,11,11
https://frauddetection.cacco.co.jp/media/ec/12964/,12964,EC構築・ノウハウ,後払いが期限切れになるとどうなる？3つのリスクや対処法を解説,後払い　期限切れ,後払い期限切れ,0,0,115,0.00%,5.2,5,0,0,86,0.00%,4.8,4,0,0,120,0.00%,88.9,88,0,0,29,0.00%,3.8,3
https://frauddetection.cacco.co.jp/media/fraud-access/6885/,6885,不正アクセス,WAFサービスのおすすめ20選！導入で迷わないための選び方4つも解説,WAF　おすすめ,WAFおすすめ,0,0,111,0.00%,13.7,13,0,0,110,0.00%,14,14,0,0,6,0.00%,2,2,0,0,47,0.00%,18.1,18
https://frauddetection.cacco.co.jp/media/knowhow/728/,728,不正検知・ノウハウ,不正転売・悪質転売とは？,不正転売,不正転売,0,0,106,0.00%,8.3,8,0,1,123,0.60%,8.3,8,0,0,10,0.00%,6.5,6,0,0,25,0.00%,8.8,8
https://frauddetection.cacco.co.jp/media/ec/5182/,5182,EC構築・ノウハウ,商品が売れた後の出荷指示はどうすればいい？ECのバックオフィス業務について解説,出荷指示,出荷指示,0,0,103,0.00%,5.2,5,0,0,107,0.00%,3.4,3,0,1,3,33.30%,2,2,0,1,48,2.10%,3.8,3
https://frauddetection.cacco.co.jp/media/ec/7988/,7988,EC構築・ノウハウ,ECとは？基礎知識から成功する5つのポイントまでわかりやすく解説,ECとは,ECとは,0,0,93,0.00%,75.5,75,0,1,175,0.60%,68.1,68,0,1,11,9.10%,7.8,7,0,0,28,0.00%,77.8,77
https://frauddetection.cacco.co.jp/media/knowhow/1689/,1689,不正検知・ノウハウ,テレワークで気を付けるべきこと・必要なセキュリティ対策8つ,テレワーク　セキュリティ対策,テレワークセキュリティ対策,0,0,91,0.00%,79.3,79,0,0,85,0.00%,79.9,79,0,0,161,0.00%,10.1,10,0,0,75,0.00%,81.5,81
https://frauddetection.cacco.co.jp/media/securityterms/9404/,9404,EC構築・ノウハウ|セキュリティ用語,【比較表付き】決済代行サービスでかかる料金の種類や相場、3つの選定ポイント,決済代行　比較,決済代行比較,0,0,89,0.00%,25,25,0,1,3,50.00%,25.3,25,0,0,23,0.00%,8.5,8,0,0,29,0.00%,22.5,22
https://frauddetection.cacco.co.jp/media/news/10269/,10269,不正アクセス|ニュース・業界動向,SIMスワップ詐欺とは？スマホが乗っ取られて不正送金される被害が増加中,SIMスワップ詐欺,SIMスワップ詐欺,0,0,82,0.00%,25.4,25,0,0,48,0.00%,24.5,24,0,0,10,0.00%,7.9,7,0,0,12,0.00%,23.9,23
https://frauddetection.cacco.co.jp/media/knowhow/12272/,12272,3dセキュア|チャージバック|不正検知・ノウハウ,3dセキュアを入れただけでチャージバックなどECの不正対策は十分？,3dセキュア　チャージバック,3dセキュアチャージバック,0,0,80,0.00%,8.9,8,0,5,100,6.50%,9,9,0,5,12,41.70%,1.5,1,0,3,50,6.00%,7.9,7
https://frauddetection.cacco.co.jp/media/knowhow/351/,351,不正検知・ノウハウ,通信サービス料金と合算で支払いができるキャリア決済。契約者が利用するメリット・デメリット,キャリア決済 メリット,キャリア決済メリット,0,0,77,0.00%,19.2,19,0,0,60,0.00%,18.6,18,0,0,23,0.00%,2.3,2,0,0,15,0.00%,20.7,20
https://frauddetection.cacco.co.jp/media/knowhow/329/,329,不正検知・ノウハウ,不正検知システムとは？導入するメリットやチェックできる5つの項目などを紹介,不正検知システムとは,不正検知システムとは,0,0,71,0.00%,5.9,5,1,0,52,0.00%,5.9,5,1,2,897,0.20%,12,12,0,1,16,6.30%,4.9,4
https://frauddetection.cacco.co.jp/media/knowhow/1244/,1244,不正検知・ノウハウ,クレジットカードとは？基礎知識・仕組みをわかりやすく徹底解説,クレジットカード 基礎知識,クレジットカード基礎知識,0,0,71,0.00%,46,46,0,0,42,0.00%,40.3,40,0,0,3,0.00%,6.3,6,0,0,17,0.00%,20.1,20
https://frauddetection.cacco.co.jp/media/ec/3860/,3860,EC構築・ノウハウ,ECサイトのカゴ落ち対策9選！11個の理由から分かるすぐにできる解決策,ECサイト　カゴ落ち,ECサイトカゴ落ち,0,0,71,0.00%,11.6,11,0,0,58,0.00%,11.9,11,0,0,2,0.00%,16.5,16,0,0,4,0.00%,13.8,13
https://frauddetection.cacco.co.jp/media/knowhow/532/,532,不正検知・ノウハウ,割賦販売法の改正に伴い発表された「実行計画」の内容を解説,割賦販売法 改正,割賦販売法改正,0,0,70,0.00%,43.3,43,0,0,31,0.00%,45.7,45,0,1,4,25.00%,38.8,38,0,1,27,3.70%,48,48
https://frauddetection.cacco.co.jp/media/chargeback/1743/,1743,チャージバック,クレジットカードの悪用に伴うチャージバック。事業者への影響や対策を解説,クレジットカード 悪用,クレジットカード悪用,0,0,68,0.00%,30.7,30,0,0,48,0.00%,34.2,34,0,1,1,100.00%,21,21,0,0,32,0.00%,31.3,31
https://frauddetection.cacco.co.jp/media/securityterms/8463/,8463,セキュリティ用語,クレジットカードのCVCとは？記載場所や役割、流出の原因などを解説,クレジットカード　CVC,クレジットカードCVC,0,0,67,0.00%,6.7,6,0,0,82,0.00%,8.3,8,0,0,60,0.00%,15.1,15,0,0,25,0.00%,6.6,6
https://frauddetection.cacco.co.jp/media/knowhow/1599/,1599,不正検知・ノウハウ,機械学習でクレジットカードの不正検知は可能か？現状や効果を解説,機械学習 不正検知,機械学習不正検知,0,0,66,0.00%,4.5,4,0,0,52,0.00%,3.8,3,0,0,4,0.00%,9,9,0,#N/A,#N/A,#N/A,#N/A,#N/A
https://frauddetection.cacco.co.jp/media/knowhow/12147/,12147,不正検知・ノウハウ|セキュリティ用語,クレジットカードの暗証番号とは？忘れた場合の対処法や設定方法を解説,クレジットカード　暗証番号,クレジットカード暗証番号,0,0,48,0.00%,23,23,0,0,464,0.00%,27.4,27,0,0,107,0.00%,8.6,8,0,0,6,0.00%,20.3,20
https://frauddetection.cacco.co.jp/media/fraud-access/3106/,3106,不正アクセス,リスクベース認証とは？仕組みやメリット・デメリットをまとめて解説！,リスクベース認証とは,リスクベース認証とは,0,0,41,0.00%,14.9,14,0,0,28,0.00%,10.9,10,0,1,1,100.00%,3,3,0,0,23,0.00%,9.6,9
https://frauddetection.cacco.co.jp/media/news/839/,839,ニュース・業界動向,キャッシュレスとは？増加で起こる消費者・事業者の変化を解説,キャッシュレスとは,キャッシュレスとは,0,0,35,0.00%,45.4,45,0,2,83,4.40%,40.2,40,0,0,3,0.00%,2,2,0,0,3,0.00%,99.3,99
https://frauddetection.cacco.co.jp/media/ec/8196/,8196,EC構築・ノウハウ,カゴ落ちとは？ECでユーザーが購入をやめる原因と9個の対策,カゴ落ちとは,カゴ落ちとは,0,0,34,0.00%,31.9,31,0,0,16,0.00%,44.4,44,0,0,15,0.00%,108.4,108,0,#N/A,#N/A,#N/A,#N/A,#N/A
https://frauddetection.cacco.co.jp/media/knowhow/12019/,12019,不正検知・ノウハウ|セキュリティ用語,クレジットカード番号だけで悪用される？確認方法・番号流出のケース・対応,クレジットカード番号　悪用,クレジットカード番号悪用,0,0,34,0.00%,5.5,5,0,0,37,0.00%,6.9,6,0,1,4,25.00%,5.8,5,0,0,12,0.00%,5.3,5
https://frauddetection.cacco.co.jp/media/ec/10862/,10862,EC構築・ノウハウ,ECモールに出店するメリットや注意点は？出店にかかる費用まで徹底解説,ECモール　出店,ECモール出店,0,0,29,0.00%,20.7,20,0,1,63,0.90%,21.3,21,0,0,2,0.00%,19,19,0,0,10,0.00%,11,11
https://frauddetection.cacco.co.jp/media/securityterms/7184/,7184,セキュリティ用語,クレジットカードとは？仕組みや種類、使い方などを徹底解説,クレジットカードとは,クレジットカードとは,0,0,26,0.00%,54.6,54,0,0,9,0.00%,65,65,0,0,2,0.00%,10,10,0,0,4,0.00%,86.8,86
https://frauddetection.cacco.co.jp/media/ec/9478/,9478,EC構築・ノウハウ,決済代行サービスを使うメリット・デメリットを徹底解説！9つの選定ポイントも紹介,決済代行サービス　メリット,決済代行サービスメリット,0,0,23,0.00%,11.5,11,0,0,37,0.00%,11.3,11,0,0,2,0.00%,24.5,24,0,0,3,0.00%,10.7,10
https://frauddetection.cacco.co.jp/media/ec/11178/,11178,EC構築・ノウハウ,後払い決済を店舗に導入するメリットや選び方を徹底解説,後払い決済　導入,後払い決済導入,0,0,23,0.00%,13.9,13,0,0,24,0.00%,12.9,12,0,0,31,0.00%,12.2,12,0,#N/A,#N/A,#N/A,#N/A,#N/A
https://frauddetection.cacco.co.jp/media/knowhow/8530/,8530,不正検知・ノウハウ,フィッシングサイトを検知する3つの方法！企業が受ける被害例も紹介,フィッシングサイト　検知,フィッシングサイト検知,0,0,21,0.00%,1.1,1,0,5,23,21.70%,1.9,1,0,2,6,33.30%,3.7,3,0,1,13,7.70%,1.8,1
https://frauddetection.cacco.co.jp/media/ec/8906/,8906,EC構築・ノウハウ,ECサイトの課題を改善する8つのポイントと22の施策を大公開！売上アップの具体策を徹底解説,EC　課題,EC課題,0,0,20,0.00%,62.7,62,0,0,9,0.00%,65.4,65,0,0,2,0.00%,12.5,12,0,0,7,0.00%,57.7,57
https://frauddetection.cacco.co.jp/media/knowhow/328/,328,不正検知・ノウハウ,【購入者から見る後払い決済】利用手順やメリット・デメリット、未払い時の対応は？,後払い決済 メリット,後払い決済メリット,0,0,18,0.00%,7.5,7,0,1,37,2.50%,8,8,0,1,1,100.00%,2,2,0,0,3,0.00%,11.7,11
https://frauddetection.cacco.co.jp/media/knowhow/577/,577,不正検知・ノウハウ,【購入者向け】受取拒否のやり方や荷物の保管期間を過ぎてしまう時の対応について紹介,受け取り拒否 やり方,受け取り拒否やり方,0,0,18,0.00%,3.6,3,0,2,59,2.80%,6,6,0,2,12,16.70%,16,16,0,1,22,4.50%,5.3,5
https://frauddetection.cacco.co.jp/media/news/3147/,3147,不正アクセス|ニュース・業界動向,富士通の不正アクセスは防げたのか？情報漏えいの防止策も併せて解説,富士通　情報漏洩,富士通情報漏洩,0,0,18,0.00%,11.3,11,0,3,62,4.10%,12.3,12,0,9,59,15.30%,2.9,2,0,2,23,8.70%,14.3,14
https://frauddetection.cacco.co.jp/media/fraud-access/12886/,12886,不正アクセス,Webスキミングとは？主な2つの手口や対策・スキミングとの違い,Webスキミングとは,Webスキミングとは,0,0,18,0.00%,4.8,4,0,1,24,12.50%,4.9,4,0,0,2,0.00%,4,4,0,2,43,4.70%,6,5
https://frauddetection.cacco.co.jp/media/knowhow/204/,204,不正検知・ノウハウ,クレジットカードの不正利用を防ぐ方法は？消費者と事業者の両視点から原因を解説,クレジットカード 不正利用 防ぐ,クレジットカード不正利用防ぐ,0,0,16,0.00%,4.1,4,0,1,4,25.00%,5.8,5,1,0,63,0.00%,8.5,8,0,2,5,40.00%,5.4,5
https://frauddetection.cacco.co.jp/media/ec/4287/,4287,EC構築・ノウハウ,ECサイトとは？はじめてでも構築できる方法や成功事例を紹介！,ECサイトとは,ECサイトとは,0,0,13,0.00%,99,99,0,#N/A,#N/A,#N/A,#N/A,#N/A,0,0,2,0.00%,20.5,20,0,0,3,0.00%,177.3,177
https://frauddetection.cacco.co.jp/media/ec/4511/,4511,EC構築・ノウハウ,支払い方法にはどのようなものがある？決済方法の一覧と注意点を紹介,支払い方法　種類,支払い方法種類,0,0,13,0.00%,2,2,0,3,98,5.00%,6.8,6,0,0,16,0.00%,2.9,2,0,0,3,0.00%,45.3,45
https://frauddetection.cacco.co.jp/media/knowhow/12429/,12429,不正検知・ノウハウ,エビルツイン（悪魔の双子）とは？正規Wi-Fiとの見分け方や騙されない6つの対策方法,エビルツインとは,エビルツインとは,0,0,13,0.00%,6.3,6,0,1,69,2.80%,6.4,6,0,4,9,44.40%,2.7,2,0,0,8,0.00%,5.6,5
https://frauddetection.cacco.co.jp/media/knowhow/7799/,7799,不正アクセス|不正検知・ノウハウ,個人情報とは？個人情報の種類と流出させない13の対策,個人情報とは,個人情報とは,0,0,11,0.00%,2,2,0,2,27,15.60%,2.5,2,0,0,12,0.00%,2.9,2,0,0,27,0.00%,2.4,2
https://frauddetection.cacco.co.jp/media/knowhow/4298/,4298,不正検知・ノウハウ,不正送金対策10個！代表的な3つの不正手口から考える口座の管理の仕方,不正送金　対策,不正送金対策,0,0,10,0.00%,11.2,11,0,0,2,0.00%,14.5,14,0,1,6,16.70%,4,4,0,1,1,100.00%,9,9
https://frauddetection.cacco.co.jp/media/ec/9916/,9916,EC構築・ノウハウ,EC-CUBEとは？概要やメリット・導入するべき事業者を解説,EC-CUBE とは,EC-CUBEとは,0,0,10,0.00%,30.6,30,0,0,14,0.00%,30.9,30,0,0,38,0.00%,1,1,0,0,3,0.00%,40.7,40
https://frauddetection.cacco.co.jp/media/fraud-access/14854/,14854,不正アクセス,スマホから情報漏洩した際の3つのリスク！原因・対策・事例をまとめて紹介,スマホ　情報漏洩,スマホ情報漏洩,0,0,10,0.00%,2,2,1,1,24,3.30%,10,10,0,1,11,9.10%,8.7,8,0,1,113,0.90%,7.5,7
https://frauddetection.cacco.co.jp/media/news/3061/,3061,ニュース・業界動向,【不正アクセス対策】マッチングアプリ「Omiai」の個人情報漏えいは防げたのか？,Omiai　情報漏洩,Omiai情報漏洩,0,0,9,0.00%,14.2,14,0,0,6,0.00%,13.7,13,0,0,10,0.00%,9.9,9,0,#N/A,#N/A,#N/A,#N/A,#N/A
https://frauddetection.cacco.co.jp/media/securityterms/1148/,1148,セキュリティ用語,決済代行会社とは何か？特徴や決済方法の動向を踏まえて解説,決済代行会社とは,決済代行会社とは,0,0,6,0.00%,23.2,23,0,0,2,0.00%,26,26,0,1,28,3.60%,10.9,10,0,0,2,0.00%,1,1
https://frauddetection.cacco.co.jp/media/ec/10074/,10074,EC構築・ノウハウ,カートシステムとは？導入する6つのメリットと選び方を解説,カートシステムとは,カートシステムとは,0,0,6,0.00%,10.8,10,0,0,2,0.00%,12,12,0,0,2,0.00%,33.5,33,0,0,9,0.00%,11.2,11
https://frauddetection.cacco.co.jp/media/securityterms/1209/,1209,セキュリティ用語,ランサムウェアとは何か？リスクや手口、事例、対策を紹介,ランサムウェアとは,ランサムウェアとは,0,0,5,0.00%,99.2,99,0,#N/A,#N/A,#N/A,#N/A,#N/A,0,#N/A,#N/A,#N/A,#N/A,#N/A,0,#N/A,#N/A,#N/A,#N/A,#N/A
https://frauddetection.cacco.co.jp/media/ec/11891/,11891,EC構築・ノウハウ,後払い決済は事業化できる！4つのメリット・おすすめサービスを紹介,後払い決済　事業化,後払い決済事業化,0,0,5,0.00%,1,1,0,0,54,0.00%,1,1,0,0,15,0.00%,14.6,14,0,0,24,0.00%,1,1
https://frauddetection.cacco.co.jp/media/fraud-access/7047/,7047,不正アクセス,増え続ける銀行システムへの不正アクセスを防ぐには？対策6つを解説,銀行　不正アクセス,銀行不正アクセス,0,0,4,0.00%,4.3,4,0,0,7,0.00%,6.5,6,0,#N/A,#N/A,#N/A,#N/A,#N/A,0,#N/A,#N/A,#N/A,#N/A,#N/A
https://frauddetection.cacco.co.jp/media/ec/13508/,13508,EC構築・ノウハウ,ECサイトに導入できる8つの決済手段！選び方も紹介,ECサイト　決済,ECサイト決済,0,0,3,0.00%,71.7,71,0,0,7,0.00%,95.2,95,0,0,14,0.00%,6.3,6,0,0,21,0.00%,98.3,98
https://frauddetection.cacco.co.jp/media/news/1005/,1005,ニュース・業界動向,ドイツ警察がNATO施設跡のダークウェブデータセンターを強制捜査。クレジットカード情報流出を前提にした対策強化が必要,ダークウェブ 警察,ダークウェブ警察,0,0,2,0.00%,21.5,21,0,#N/A,#N/A,#N/A,#N/A,#N/A,0,0,6,0.00%,17.8,17,0,0,2,0.00%,11,11
https://frauddetection.cacco.co.jp/media/securityterms/1295/,1295,セキュリティ用語,サイバー保険とは何か？必要性やメリットについて,サイバー保険とは,サイバー保険とは,0,0,2,0.00%,91.5,91,0,#N/A,#N/A,#N/A,#N/A,#N/A,0,#N/A,#N/A,#N/A,#N/A,#N/A,0,0,3,0.00%,99.3,99
https://frauddetection.cacco.co.jp/media/news/1442/,1442,ニュース・業界動向,【任天堂】ニンテンドーアカウントへの不正ログイン・クレジットカードの不正利用が発生,ニンテンドーアカウント　不正ログイン,ニンテンドーアカウント不正ログイン,0,0,2,0.00%,9,9,0,0,3,0.00%,10,10,0,#N/A,#N/A,#N/A,#N/A,#N/A,0,#N/A,#N/A,#N/A,#N/A,#N/A
https://frauddetection.cacco.co.jp/media/news/5660/,5660,ニュース・業界動向,フェイクニュースとは？デマを流す目的から見る騙されないための3つの注意点,フェイクニュース 見分け方,フェイクニュース見分け方,0,0,2,0.00%,67.5,67,0,#N/A,#N/A,#N/A,#N/A,#N/A,0,#N/A,#N/A,#N/A,#N/A,#N/A,0,#N/A,#N/A,#N/A,#N/A,#N/A
https://frauddetection.cacco.co.jp/media/news/11546/,11546,ニュース・業界動向,三井住友銀行からのSMSは開いても大丈夫？フィッシング詐欺との見分け方について解説,三井住友銀行　SMS,三井住友銀行SMS,0,0,2,0.00%,11,11,0,0,11,0.00%,10.3,10,0,1,1,100.00%,9,9,0,0,2,0.00%,10.5,10
https://frauddetection.cacco.co.jp/media/fraud-access/14826/,14826,不正アクセス,【3分で分かる】ファイアウォールとは？3つの種類と機能、IDS/IPS・WAFとの関係も解説,ファイアウォールとは,ファイアウォールとは,0,0,2,0.00%,77,77,0,#N/A,#N/A,#N/A,#N/A,#N/A,0,#N/A,#N/A,#N/A,#N/A,#N/A,0,#N/A,#N/A,#N/A,#N/A,#N/A